Document Title,Payer,Market Segment,Number of Approved CGMs,UUID_dupe,Cross-Payer Grouping A,Cross-Payer Grouping B
Advanced Control (Aetna) Preventive Drug List (Health Plan),Aetna,Unclear,Two - Three,CHIR_IDrec52ER4EiztMusFT-290161-AKAdvanced Contro,"Aetna, Unclear, 2-3 Devices",
Advanced Control Choice Plan Chronic Drug List (Health Plan),Aetna,Unclear,Two - Three,CHIR_IDrecqKY0xH18EYztI1-341591-AKAdvanced Contro,"Aetna, Unclear, 2-3 Devices",
Advanced Control Choice Plan Excluded Drug List (Health Plan),Aetna,Unclear,Two - Three,CHIR_IDrecPZTySd1W6DVH73-341593-AKAdvanced Contro,"Aetna, Unclear, 2-3 Devices",
Advanced Control Choice Plan Formulary (Health Plan),Aetna,Unclear,Two - Three,CHIR_IDrecB26CXyDh8l6Vq1-341588-AKAdvanced Contro,"Aetna, Unclear, 2-3 Devices",
Advanced Control Choice Plan Preventive Drug List (Health Plan),Aetna,Unclear,Two - Three,CHIR_IDrecD6hl8pPj6FRbYR-341590-AKAdvanced Contro,"Aetna, Unclear, 2-3 Devices",
Advanced Control Excluded Drug List (Health Plan),Aetna,Unclear,Two - Three,CHIR_IDrecoqZqkKyzGziauW-268577-AKAdvanced Contro,"Aetna, Unclear, 2-3 Devices",
Advanced Control Formulary (Health Plan),Aetna,Unclear,Eight - Nine,CHIR_IDrecIWB7PdXzAPdoCV-225921-IDAdvanced Contro,"Aetna, Unclear, 8-9 Devices",
Advanced Control Plan Aetna Exclusion Drug List (Health Plan),Aetna,Unclear,Two - Three,CHIR_IDrecLfswjREUsU8smn-229629-AKAdvanced Contro,"Aetna, Unclear, 2-3 Devices",
"Advanced Control Plan and Aetna Federal Employees Formulary Exclusions Drug List (Health Plan, Federal Employer)",Aetna,Unclear,Two - Three,CHIR_IDrecwCLGDesRaFkwcr-290099-AKAdvanced Contro,"Aetna, Unclear, 2-3 Devices",
Advanced Control Plan Pharmacy Drug Guide (Health Plan),Aetna,Unclear,Eight - Nine,CHIR_IDrecBQ3c1QzKs20vEI-229627-AKAdvanced Contro,"Aetna, Unclear, 8-9 Devices",
Advanced Control Plan Prescription Drug List (CA Health Plan),Aetna,Unclear,Two - Three,CHIR_IDrecuHhjBy48zfFIAs-268466-CAAdvanced Contro,"Aetna, Unclear, 2-3 Devices",
Advanced Control Plan Preventive Medicine List (Health Plan),Aetna,Unclear,Two - Three,CHIR_IDreczy0XgH9gJnVRAw-229628-AKAdvanced Contro,"Aetna, Unclear, 2-3 Devices",
Aetna Advanced Control Chronic Medication List (Health Plan),Aetna,Unclear,Two - Three,CHIR_IDreciLNOX0WRwG0oLY-268467-AKAetna Advanced ,"Aetna, Unclear, 2-3 Devices",
Aetna Advanced Control Plan Pharmacy Drug Guide (Health Plan),Aetna,Unclear,Eight - Nine,CHIR_IDrecDBS0ZAgvcdJ9Ri-300605-AKAetna Advanced ,"Aetna, Unclear, 8-9 Devices",
Aetna Health Exchange Plan Formulary (DE Health Plan),Aetna,Individual,Two - Three,CHIR_IDrecyGFalKBIIUXJjS-310966-DEAetna Health Ex,"Aetna, Individual and Family Plan, 2-3 Devices",
Aetna Health Exchange Plan Formulary (FL Health Plan),Aetna,Individual,Two - Three,CHIR_IDrec0UtvZv6PdiTdId-290156-FLAetna Health Ex,"Aetna, Individual and Family Plan, 2-3 Devices",
"Aetna Health Exchange Plan Formulary (IL, IN Health Plan)",Aetna,Individual,Two - Three,CHIR_IDrecnLJ9OfLwoWEi2i-310965-ILAetna Health Ex,"Aetna, Individual and Family Plan, 2-3 Devices",
Aetna Health Exchange Plan Formulary (NY Health Plan),Aetna,Individual,Two - Three,CHIR_IDrec03bWkxiGc608j0-290157-NYAetna Health Ex,"Aetna, Individual and Family Plan, 2-3 Devices",
Aetna Health Exchange Plan OA Managed Choice (PPO) Drug List,Aetna,Individual,Two - Three,CHIR_IDreclpeYE0PzfV5Wv3-319782-AKAetna Health Ex,"Aetna, Individual and Family Plan, 2-3 Devices",
Aetna Health Exchange Plan Pharmacy Drug Guide (Health Plan),Aetna,Individual,Two - Three,CHIR_IDrecAvjXcYpczUkPx1-268391-AKAetna Health Ex,"Aetna, Individual and Family Plan, 2-3 Devices",
Aetna Small Group Health Exchange Plan Formulary (CA Health Plan),Aetna,Small Group,Two - Three,CHIR_IDrecvwjFJnNOIZ1OcK-290154-CAAetna Small Gro,"Aetna, Small Group, 2-3 Devices",
Aetna Standard Opt Out Plan Chronic Medicine List (Health Plan),Aetna,Unclear,Two - Three,CHIR_IDrec4Ws0bbcSBjHH82-287910-AKAetna Standard ,"Aetna, Unclear, 2-3 Devices",
Aetna Standard Opt Out Plan Formulary (Health Plan),Aetna,Unclear,Eight - Nine,CHIR_IDrecUUWaVf6lWkBoVZ-225926-IDAetna Standard ,"Aetna, Unclear, 8-9 Devices",
Aetna Standard Opt Out Plan Pharmacy Drug Guide (Health Plan),Aetna,Unclear,Six - Seven,CHIR_IDrecpH7DQtagVRUhw4-300608-AKAetna Standard ,"Aetna, Unclear, 6-7 Devices",
Basic Control Plan Pharmacy Drug Guide (Health Plan),Aetna,Unclear,Eight - Nine,CHIR_IDrecZe1pN1IHX50OOc-315127-AKBasic Control P,"Aetna, Unclear, 8-9 Devices",
Basic Control Plan with ACSF Pharmacy Drug Guide (Health Plan),Aetna,Unclear,Six - Seven,CHIR_IDrec6Q1HVwJEbJegcU-315131-AKBasic Control P,"Aetna, Unclear, 6-7 Devices",
Chronic Medicine Standard Opt Out Plan and Basic Control Plan with ACSF (Health Plan),Aetna,Unclear,Two - Three,CHIR_IDrecQ1D6Y8At6uJfTH-240418-MOChronic Medicin,"Aetna, Unclear, 2-3 Devices",
Health Exchange Plan Pharmacy Drug Guide (NJ Health Plan),Aetna,Individual,Two - Three,CHIR_IDrecead4JeM92pCkFj-315120-NJHealth Exchange,"Aetna, Individual and Family Plan, 2-3 Devices",
High Value Plan Chronic Medication List (Health Plan),Aetna,Unclear,Two - Three,CHIR_IDrecrxXJ1cd5KZTIe9-268569-AKHigh Value Plan,"Aetna, Unclear, 2-3 Devices",
High Value Plan Pharmacy Drug Guide (Health Plan),Aetna,Unclear,Two - Three,CHIR_IDrecWyRLfsUD17fvVs-229630-AKHigh Value Plan,"Aetna, Unclear, 2-3 Devices",
High Value Preventive Medicine List (Health Plan),Aetna,Unclear,Two - Three,CHIR_IDrecvK6UAJOwA0HfzU-137227-AKHigh Value Prev,"Aetna, Unclear, 2-3 Devices",
Individual Health Exchange Plan Pharmacy Drug Guide (CA Health Plan),Aetna,Individual,Two - Three,CHIR_IDrecpOvrFVHJ7v9mDq-315119-CAIndividual Heal,"Aetna, Individual and Family Plan, 2-3 Devices",
Innovation Health Advanced Control Plan Pharmacy Drug Guide (Health Plan),Aetna,Unclear,Eight - Nine,CHIR_IDrecOWUWJx5ffH4yNI-300609-AKInnovation Heal,"Aetna, Unclear, 8-9 Devices",
Innovation Health Exchange Plan Pharmacy Drug Guide (Health Plan),Aetna,Individual,Two - Three,CHIR_IDrecHko6ZGW6eiN8JH-300601-AKInnovation Heal,"Aetna, Individual and Family Plan, 2-3 Devices",
Innovation Health Standard Opt Out Plan Pharmacy Drug Guide (Health Plan),Aetna,Unclear,Six - Seven,CHIR_IDrec332gsNO6pxm0mS-300610-AKInnovation Heal,"Aetna, Unclear, 6-7 Devices",
Innovation Health Standard Opt Out Plan with ACSF Pharmacy Drug Guide (Health Plan),Aetna,Unclear,Six - Seven,CHIR_IDrec6d3N09C8zha8jy-310578-AKInnovation Heal,"Aetna, Unclear, 6-7 Devices",
Innovation Health Standard Plan Pharmacy Drug Guide (Health Plan),Aetna,Unclear,Eight - Nine,CHIR_IDrec7Lt5WEYdrxgA8Y-310574-AKInnovation Heal,"Aetna, Unclear, 8-9 Devices",
New Jersey Educators Health Plan Formulary (Health Plan),Aetna,State employee plan,Two - Three,CHIR_IDrec9ghBDY96gYPxhh-290179-NJNew Jersey Educ,"Aetna, Employee, 2-3 Devices",
Standard Control Choice Formulary Exclusions Drug List (Health Plan),Aetna,Unclear,Two - Three,CHIR_IDrecWrNSoA1TzEM39M-340822-AKStandard Contro,"Aetna, Unclear, 2-3 Devices",
Standard Control Choice Plan Chronic Drug List (Health Plan),Aetna,Unclear,Two - Three,CHIR_IDrecCzhSWt6No6SkGW-341598-AKStandard Contro,"Aetna, Unclear, 2-3 Devices",
Standard Control Choice Plan Drug List (Health Plan),Aetna,Unclear,Two - Three,CHIR_IDrecLVjkKWJGLYeT58-341596-AKStandard Contro,"Aetna, Unclear, 2-3 Devices",
Standard Control Choice Plan Preventive Drug List (Health Plan),Aetna,Unclear,Two - Three,CHIR_IDrecUjVns9RNCU3vbt-341597-AKStandard Contro,"Aetna, Unclear, 2-3 Devices",
Standard Control Choice Plan with ACSF Drug List (Health Plan),Aetna,Unclear,Ten or More,CHIR_IDrecx5fFJx0Gf2mFCx-341602-AKStandard Contro,"Aetna, Unclear, Ten or More Devices",
Standard Control Choice Plan with ACSF Excluded Drug List (Health Plan),Aetna,Unclear,Two - Three,CHIR_IDrec4tKAoU4OV9XjWG-341606-AKStandard Contro,,
Standard Control Choice Plan with ACSF Preventive Drug List (Health Plan),Aetna,Unclear,Two - Three,CHIR_IDrecc20Lra6MlBlT3N-341604-AKStandard Contro,,
Standard Control Formulary Exclusions Drug List (Health Plan),Aetna,Unclear,Two - Three,CHIR_IDrecgcz3D7sTJNA50W-315261-AKStandard Contro,,
Standard Control Plan Pharmacy Drug Guide (Health Plan),Aetna,Unclear,Two - Three,CHIR_IDrecHuqUEyqll1D7Mf-315260-AKStandard Contro,,
Standard Opt Out Plan and Basic Control Plan Preventive Medication List (Health Plan),Aetna,Unclear,Two - Three,CHIR_IDrecsqWDaJVoKA03wz-268573-AKStandard Opt Ou,,
Standard Opt Out Plan Drug List (CA Health Plan),Aetna,Unclear,Eight - Nine,CHIR_IDrec9WpSLIGFIa7NTl-341608-CAStandard Opt Ou,,
Standard Opt Out Plan Preventive Medicine (Health Plan),Aetna,Unclear,Two - Three,CHIR_IDrecr05URW69NKWSeY-229633-AKStandard Opt Ou,,
Standard Opt-Out Plan Prescription Drug List (CA Health Plan),Aetna,Unclear,Ten or More,CHIR_IDrecAXi2XVzlG9ZBUi-268465-CAStandard Opt-Ou,,
Standard Plan Chronic Drug List (Health Plan),Aetna,Unclear,Two - Three,CHIR_IDrecttM09WeT2ijYEZ-200239-AKStandard Plan C,,
Standard Plan Formulary Exclusions Drug List (Health Plan),Aetna,Unclear,Two - Three,CHIR_IDrecYSgTg5drYotEv8-191417-AKStandard Plan F,,
Standard Plan Preferred Drug List (Health Plan),Aetna,Unclear,Eight - Nine,CHIR_IDrecaNmGxleRLQyfPo-191415-AKStandard Plan P,,
Standard Plan Preventive Drug List (Health Plan),Aetna,Unclear,Two - Three,CHIR_IDrec1yp0Y7tKAwRZbM-200238-AKStandard Plan P,,
Anthem 3 Tier National Drug List,Anthem,"Small Group,Large Group Plans",Ten or More,CHIR_IDrec9r4tcLFeHXRq6B-137265-AKAnthem 3 Tier N,,
Anthem National Drug List Closed Formulary (VA),Anthem,"Small Group,Large Group Plans",Four - Five,CHIR_IDrecn9eIEB50Qb1SWJ-290074-AKAnthem National,,
City of Cincinnati Essential Drug List (Health Plan),Anthem,"Small Group,Large Group Plans",Six - Seven,CHIR_IDrec0jINF9aiAcX46p-340116-OHCity of Cincinn,,
Essential Direct 3-Tier Drug List (CT),Anthem,"Small Group,Large Group Plans",Six - Seven,CHIR_IDrecQxH5IHd63TcT4N-373006-CTEssential Direc,,
Essential Direct 3-Tier Drug List (NY),Anthem,"Small Group,Large Group Plans",Six - Seven,CHIR_IDrec8la25KOQ5lDgF7-372908-NYEssential Direc,,
Essential Direct 4-Tier Drug List (CT),Anthem,"Small Group,Large Group Plans",Six - Seven,CHIR_IDrec1vJN8pxzmmA8aZ-373007-CTEssential Direc,,
Essential Direct 4-Tier Drug List (NY),Anthem,"Small Group,Large Group Plans",Six - Seven,CHIR_IDrecLh45Ho7lm5y7IL-372915-NYEssential Direc,,
Essential Direct 5-Tier Drug List (CT),Anthem,"Small Group,Large Group Plans",Six - Seven,CHIR_IDrecEnlh3mlW0wNZn4-373009-CTEssential Direc,,
Essential Direct 5-Tier Drug List (NY),Anthem,"Small Group,Large Group Plans",Six - Seven,CHIR_IDrec0JeBrUq1on9hJv-372916-NYEssential Direc,,
Essential Drug List 3-Tier (CDI) (CA),Anthem,"Small Group,Large Group Plans",Six - Seven,CHIR_IDrec22ZNnIXTbRgQlK-233733-AKEssential Drug ,,
Essential Drug List 3-Tier (Commercial),Anthem,"Small Group,Large Group Plans",Six - Seven,CHIR_IDrec2eXFqJZlRhut2n-138035-AKEssential Drug ,,
Essential Drug List 3-Tier (Commercial) (VA),Anthem,"Small Group,Large Group Plans",Six - Seven,CHIR_IDreceY8VSQr7hfW3r1-190510-COEssential Drug ,,
Essential Drug List 3-Tier (DMHC) (CA),Anthem,"Small Group,Large Group Plans",Six - Seven,CHIR_IDrecQakElf8adKXkOj-233738-CAEssential Drug ,,
Essential Drug List 4-Tier (CDI) (CA),Anthem,"Small Group,Large Group Plans",Six - Seven,CHIR_IDrectSiDHr6onNnKGX-233748-AKEssential Drug ,,
Essential Drug List 4-Tier (Commercial),Anthem,"Small Group,Large Group Plans",Six - Seven,CHIR_IDrecJwQzHVpasI2kwC-137924-AKEssential Drug ,,
Essential Drug List 4-Tier (Commercial) (VA),Anthem,"Small Group,Large Group Plans",Six - Seven,CHIR_IDrec0VePKLGl0e98Ss-190515-COEssential Drug ,,
Essential Drug List 4-Tier (DMHC) (CA),Anthem,"Small Group,Large Group Plans",Six - Seven,CHIR_IDrecP45GzDvaYEr7g8-233751-CAEssential Drug ,,
Essential Drug List 5-Tier (CDI) (CA),Anthem,"Small Group,Large Group Plans",Six - Seven,CHIR_IDrect5N36Up0y9P9yX-233760-AKEssential Drug ,,
Essential Drug List 5-Tier (DMHC),Anthem,"Small Group,Large Group Plans",Six - Seven,CHIR_IDrecBl5wgVra8ft3gd-233803-CAEssential Drug ,,
Essential Drug List 5-Tier (DMHC) (CA),Anthem,"Small Group,Large Group Plans",Six - Seven,CHIR_IDrecMk2TmkON6M2SmG-233761-CAEssential Drug ,,
Essential Five Tier Drug List (CT Health Plan),Anthem,"Small Group,Large Group Plans",Six - Seven,CHIR_IDrecHcFyhRatGtPGP6-340167-CTEssential Five ,,
Essential Four Tier Drug List (CT Health Plan),Anthem,"Small Group,Large Group Plans",Six - Seven,CHIR_IDrecVgqiEQTkZt7JRc-340166-CTEssential Four ,,
Essential Three Tier Drug List (CT Health Plan),Anthem,"Small Group,Large Group Plans",Six - Seven,CHIR_IDrec0MkZusHHkMr4jb-340165-CTEssential Three,,
Five Tier Essential Drug List (CT Health Plan),Anthem,"Small Group,Large Group Plans",Six - Seven,CHIR_IDreceQAecBbbZXa6I1-313029-CTFive Tier Essen,,
Five Tier National Drug List (CA Health Plan),Anthem,"Small Group,Large Group Plans",Six - Seven,CHIR_IDrectTF5Y1RSRtQfIp-313150-CAFive Tier Natio,,
Four Tier Essential Drug List (CT Health Plan),Anthem,"Small Group,Large Group Plans",Six - Seven,CHIR_IDrechifPzNpLjkFlsq-313028-CTFour Tier Essen,,
Four Tier National Drug List (CT Health Plan),Anthem,"Small Group,Large Group Plans",Six - Seven,CHIR_IDreckEx3rxaApMtK54-313032-CTFour Tier Natio,,
Fully-Insured Essential 3-Tier Drug List (NY Health Plan),Anthem,"Small Group,Large Group Plans",Six - Seven,CHIR_IDrecTm4D0L4vbQccxw-229501-CTFully-Insured E,,
Fully-Insured National 3-Tier Drug List (NY Health Plan),Anthem,"Small Group,Large Group Plans",Ten or More,CHIR_IDreclOhNGEKUtwVzZX-229506-CTFully-Insured N,,
Fully-Insured Traditional Open 3-Tier Drug List Without Contraceptives (NY),Anthem,"Small Group,Large Group Plans",Ten or More,CHIR_IDrec3uBgqqUpg1CjX7-290137-NYFully-Insured T,,
Generic Premium Drug List (CDI) (CA),Anthem,Unclear,None,CHIR_IDrec8Nwn6tn7KNZaQX-233856-AKGeneric Premium,,
Generic Premium Drug List (DHMC) (CA),Anthem,Unclear,None,CHIR_IDrecXxthQSq5ngqXX5-233864-CAGeneric Premium,,
Legacy National Direct PreventiveRx Drug List (Health Plan),Anthem,Unclear,None,CHIR_IDrecSOuDyWN2WCxTLN-313047-AKLegacy National,,
National 3-Tier Drug List for Fully-Insured Members (NY),Anthem,"Small Group,Large Group Plans",Ten or More,CHIR_IDrecuCte7WtJTdFadr-137002-NYNational 3-Tier,,
National Closed Drug List (CT Health Plan),Anthem,"Small Group,Large Group Plans",Four - Five,CHIR_IDrecBD0sIDvrSaHGJm-340171-CTNational Closed,,
National Direct 3-Tier Drug List (ABCBS),Anthem,"Small Group,Large Group Plans",Six - Seven,CHIR_IDrecXNOK8iyYy39cSN-263415-CONational Direct,,
National Direct 3-Tier Drug List (CDI),Anthem,"Small Group,Large Group Plans",Six - Seven,CHIR_IDrecoqAssj0oL8ef23-263385-CANational Direct,,
National Direct 3-Tier Drug List (DMHC),Anthem,"Small Group,Large Group Plans",Six - Seven,CHIR_IDrecLEGvSCkUo9YgGE-263386-CANational Direct,,
National Direct 3-Tier Drug List (NY),Anthem,"Small Group,Large Group Plans",Six - Seven,CHIR_IDrecqJQaYjgHIbBClv-263421-NYNational Direct,,
National Direct 3-Tier Drug List (VA),Anthem,"Small Group,Large Group Plans",Six - Seven,CHIR_IDrecheywsgArHSYjUI-263416-VANational Direct,,
National Direct 3-Tier Preferred Drug List (CT),Anthem,"Small Group,Large Group Plans",Six - Seven,CHIR_IDrecoVDcf5gEN5G2HX-373011-CTNational Direct,,
National Direct 3-Tier Preferred Drug List (NY),Anthem,"Small Group,Large Group Plans",Six - Seven,CHIR_IDreceG9jQ3V5X8k3fP-372931-NYNational Direct,,
National Direct 4-Tier Drug List (ABCBS),Anthem,"Small Group,Large Group Plans",Six - Seven,CHIR_IDrecmwaqYDeJs93ngj-263417-CONational Direct,,
National Direct 4-Tier Drug List (CDI),Anthem,"Small Group,Large Group Plans",Six - Seven,CHIR_IDrec1yZ1zdLERAD2uW-263387-CANational Direct,,
National Direct 4-Tier Drug List (DMHC),Anthem,"Small Group,Large Group Plans",Six - Seven,CHIR_IDrecdYXyr1Ni0KkRXO-263390-CANational Direct,,
National Direct 4-Tier Drug List (VA),Anthem,"Small Group,Large Group Plans",Six - Seven,CHIR_IDrecuA93JZfKIKFbuK-263418-VANational Direct,,
National Direct 4-Tier Preferred Drug List (CT),Anthem,"Small Group,Large Group Plans",Six - Seven,CHIR_IDreckVdQxObZq31d9z-373012-CTNational Direct,,
National Direct 4-Tier Preferred Drug List (NY),Anthem,"Small Group,Large Group Plans",Six - Seven,CHIR_IDrecEZ48V9CQyGYSMd-372932-NYNational Direct,,
National Direct 5-Tier Drug List (ABCBS),Anthem,"Small Group,Large Group Plans",Six - Seven,CHIR_IDreckuv3HC81WOMMjY-263419-CONational Direct,,
National Direct 5-Tier Drug List (CDI),Anthem,"Small Group,Large Group Plans",Six - Seven,CHIR_IDrecc7TYJkd5s9UbdD-263391-CANational Direct,,
National Direct 5-Tier Drug List (DMHC),Anthem,"Small Group,Large Group Plans",Six - Seven,CHIR_IDrecp2WbvWGqSjjonB-263394-CANational Direct,,
National Direct 5-Tier Drug List (VA),Anthem,"Small Group,Large Group Plans",Six - Seven,CHIR_IDreciSSYtR1PWEFHot-263420-VANational Direct,,
National Direct 5-Tier Preferred Drug List (CT),Anthem,"Small Group,Large Group Plans",Six - Seven,CHIR_IDrec3tGCxpYP1j7LFd-373017-CTNational Direct,,
National Direct 5-Tier Preferred Drug List (NY),Anthem,"Small Group,Large Group Plans",Six - Seven,CHIR_IDrecswk42IHpAEqR03-372933-NYNational Direct,,
National Direct Drug List Medication Alternatives,Anthem,"Small Group,Large Group Plans",Two - Three,CHIR_IDrecDVQ8DVtc8CNQlN-290068-AKNational Direct,,
National Direct Drug List Medication Alternatives (NY),Anthem,"Small Group,Large Group Plans",Two - Three,CHIR_IDreczrqZIP5My5CWrJ-270421-NYNational Direct,,
National Direct Drug List Medication Alternatives (VA),Anthem,"Small Group,Large Group Plans",Two - Three,CHIR_IDrecnYwLNBhldTco7v-290070-AKNational Direct,,
National Direct Five Tier Drug List (CT Health Plan),Anthem,"Small Group,Large Group Plans",Six - Seven,CHIR_IDrecrFMy3o0LqaQyMU-340174-CTNational Direct,,
National Direct Four Tier Drug List (CT Health Plan),Anthem,"Small Group,Large Group Plans",Six - Seven,CHIR_IDrectWyFr6zKuzgTAT-340173-CTNational Direct,,
National Direct Plus 3-Tier Drug List (NY Health Plan),Anthem,"Small Group,Large Group Plans",Six - Seven,CHIR_IDrecw7qG1zicXI3XRj-340029-NYNational Direct,,
National Direct Plus Drug List 4-Tier (Health Plan),Anthem,"Small Group,Large Group Plans",Six - Seven,CHIR_IDrecXjm1c2bkYh8GVy-338594-AKNational Direct,,
National Direct Plus Drug List Medication Alternatives (CA Health Plan),Anthem,"Small Group,Large Group Plans",Two - Three,CHIR_IDrectnrz975gMiN1PN-340142-CANational Direct,,
National Direct Plus Drug List Medication Alternatives (Health Plan),Anthem,"Small Group,Large Group Plans",Two - Three,CHIR_IDreckw5o2p2yNIrlQU-339993-AKNational Direct,,
National Direct Plus Drug List Medication Alternatives (NY Health Plan),Anthem,"Small Group,Large Group Plans",Two - Three,CHIR_IDrecd3c5iUE6VF37bu-340028-NYNational Direct,,
National Direct Plus Drug List Medication Alternatives (VA Health Plan),Anthem,"Small Group,Large Group Plans",Two - Three,CHIR_IDrecanNjzLDWs4aaxd-339994-VANational Direct,,
National Direct Plus Five Tier Drug List (CDI) (CA Health Plan),Anthem,"Small Group,Large Group Plans",Six - Seven,CHIR_IDrecIaL1Nz4fkX7Q0K-340147-CANational Direct,,
National Direct Plus Five Tier Drug List (CT Health Plan),Anthem,"Small Group,Large Group Plans",Six - Seven,CHIR_IDrecG28JufdSqXQChT-340177-CTNational Direct,,
National Direct Plus Five Tier Drug List (DMHC) (CA Health Plan),Anthem,"Small Group,Large Group Plans",Six - Seven,CHIR_IDrecfdJ3axcW39UWRh-340148-CANational Direct,,
National Direct Plus Five Tier Drug List (Health Plan),Anthem,"Small Group,Large Group Plans",Six - Seven,CHIR_IDrecJLv2IArsuwF2bz-338727-AKNational Direct,,
National Direct Plus Five Tier Drug List (VA Health Plan),Anthem,"Small Group,Large Group Plans",Six - Seven,CHIR_IDrecM1Dvq5HoPDeJEc-338729-VANational Direct,,
National Direct Plus Four Tier Drug List (CDI) (CA Health Plan),Anthem,"Small Group,Large Group Plans",Six - Seven,CHIR_IDreceHtM6yzL9j605R-340145-CANational Direct,,
National Direct Plus Four Tier Drug List (CT Health Plan),Anthem,"Small Group,Large Group Plans",Six - Seven,CHIR_IDrec4HS3Z6DgdQikQ6-340176-CTNational Direct,,
National Direct Plus Four Tier Drug List (DMHC) (CA Health Plan),Anthem,"Small Group,Large Group Plans",Six - Seven,CHIR_IDreczS9qj7x3kMOUkQ-340146-CANational Direct,,
National Direct Plus Four Tier Drug List (VA Health Plan),Anthem,"Small Group,Large Group Plans",Six - Seven,CHIR_IDreclAUuV42FGOAApM-338726-VANational Direct,,
National Direct Plus Three Tier Drug List (CDI) (CA Health Plan),Anthem,"Small Group,Large Group Plans",Six - Seven,CHIR_IDrecCplNqUTNOw7Gk1-340143-CANational Direct,,
National Direct Plus Three Tier Drug List (CT Health Plan),Anthem,"Small Group,Large Group Plans",Six - Seven,CHIR_IDrec92sLOCLKDGxhdN-340175-CTNational Direct,,
National Direct Plus Three Tier Drug List (DMHC) (CA Health Plan),Anthem,"Small Group,Large Group Plans",Four - Five,CHIR_IDrecp5asgnfXgYupGn-340144-CANational Direct,,
National Direct Plus Three Tier Drug List (Health Plan),Anthem,"Small Group,Large Group Plans",Six - Seven,CHIR_IDrecDswhJBAPd4hASh-338588-AKNational Direct,,
National Direct Plus Three Tier Drug List (VA Health Plan),Anthem,"Small Group,Large Group Plans",Six - Seven,CHIR_IDrecIh2zwq9h53LZ2p-338589-VANational Direct,,
National Direct Preferred Drug List Alternatives (CT),Anthem,"Small Group,Large Group Plans",Two - Three,CHIR_IDrecdF9W4Pc03Ub2sx-373010-CTNational Direct,,
National Direct Preferred Drug List Alternatives (NY),Anthem,"Small Group,Large Group Plans",Two - Three,CHIR_IDrecXKms4aDDR3T7ah-372917-NYNational Direct,,
National Direct Three Tier Drug List (CT Health Plan),Anthem,"Small Group,Large Group Plans",Six - Seven,CHIR_IDrecKVNeqKrxgH5uVT-340172-CTNational Direct,,
National Drug List 3-Tier (CDI),Anthem,"Small Group,Large Group Plans",Ten or More,CHIR_IDrecT2AIpuXrnLWfGH-233772-AKNational Drug L,,
National Drug List 3-Tier (Commercial),Anthem,"Small Group,Large Group Plans",Ten or More,CHIR_IDrec96rkbCniGYOsad-289370-AKNational Drug L,,
National Drug List 3-Tier (DMHC),Anthem,"Small Group,Large Group Plans",Ten or More,CHIR_IDrecjXZ2HD9Z1BOEHw-233788-CANational Drug L,,
National Drug List 3-Tier (VA),Anthem,"Small Group,Large Group Plans",Ten or More,CHIR_IDrecnYV9YIEzD1fdio-229242-VANational Drug L,,
National Drug List 4-Tier (CDI),Anthem,"Small Group,Large Group Plans",Ten or More,CHIR_IDrecWT3botEub4kQTB-233794-AKNational Drug L,,
National Drug List 4-Tier (Commercial),Anthem,"Small Group,Large Group Plans",Ten or More,CHIR_IDrec3QGUETY6TDgpEX-137264-AKNational Drug L,,
National Drug List 4-Tier (DMHC),Anthem,"Small Group,Large Group Plans",Ten or More,CHIR_IDrec19Bct3rrGmwmgs-233799-CANational Drug L,,
National Drug List 4-Tier (VA),Anthem,"Small Group,Large Group Plans",Ten or More,CHIR_IDrecsoqO4qjyoFbVfG-229244-VANational Drug L,,
National Drug List 5-Tier (CDI),Anthem,"Small Group,Large Group Plans",Ten or More,CHIR_IDrecRTYlxFbF7wo0bI-233800-AKNational Drug L,,
National Drug List 5-Tier (Health Plan),Anthem,"Small Group,Large Group Plans",Ten or More,CHIR_IDrecBtgGItkV6oL6PO-199824-AKNational Drug L,,
National Drug List Closed Formulary (CDI) (CA),Anthem,"Small Group,Large Group Plans",Four - Five,CHIR_IDrecS8WQXQUYcGxloO-233819-CANational Drug L,,
National Drug List Closed Formulary (DMHC) (CA),Anthem,"Small Group,Large Group Plans",Four - Five,CHIR_IDrecpT7BulJdhKX6Zi-233834-CANational Drug L,,
National Drug List Closed Formulary (Health Plan),Anthem,"Small Group,Large Group Plans",Four - Five,CHIR_IDrecL3pO8evIQahsSV-138034-AKNational Drug L,,
National Drug List Closed Formulary (NY),Anthem,"Small Group,Large Group Plans",Four - Five,CHIR_IDrecomfOyXb7Fgp2Za-150284-NYNational Drug L,,
National Drug List Closed Formulary (VA),Anthem,"Small Group,Large Group Plans",Four - Five,CHIR_IDrecwva8Sm8dwSyUbp-229245-VANational Drug L,,
National Five Tier Drug List (CT Health Plan),Anthem,"Small Group,Large Group Plans",Ten or More,CHIR_IDrecjLa8k9cTPozwC3-340170-CTNational Five T,,
National Four Tier Drug List (CT Health Plan),Anthem,"Small Group,Large Group Plans",Ten or More,CHIR_IDreccmzzx65LnZIXt9-340169-CTNational Four T,,
National Three Tier Drug List (CT Health Plan),Anthem,"Small Group,Large Group Plans",Ten or More,CHIR_IDrecMJhhz87iQbHt92-340168-CTNational Three ,,
National/Preferred 3-Tier Split Drug List (ABCBS),Anthem,"Small Group,Large Group Plans",Ten or More,CHIR_IDrecSzlAA7OPcHK5ez-356484-CONational/Prefer,,
Prior Authorization Drug List (National Drug List) (NY),Anthem,"Small Group,Large Group Plans",None,CHIR_IDrecJ9hbnS6xYNXem2-147764-NYPrior Authoriza,,
Select Drug List 4-Tier (Individual) (CO),Anthem,Individual,Four - Five,CHIR_IDrecXoOzNEh6ghaqWX-138004-COSelect Drug Lis,,
Select Drug List 4-Tier (Individual) (CT),Anthem,Individual,Four - Five,CHIR_IDrecdI1DJLos8NdMmv-150121-CTSelect Drug Lis,,
Select Drug List 4-Tier (Small Group) (CO),Anthem,Individual,Two - Three,CHIR_IDrec89lG8bem0hPar8-290078-COSelect Drug Lis,,
Select Drug List 4-Tier (Small Group) (CT),Anthem,Individual,Four - Five,CHIR_IDrecoABg9LAcdgHkWs-290079-CTSelect Drug Lis,,
Select Drug List 4-Tier Split (Small Group) (CO),Anthem,Individual,Four - Five,CHIR_IDrecBhV8YH1qRx3Cfc-198045-COSelect Drug Lis,,
Select Drug List 4-Tier Split (Small Group) (CT),Anthem,Individual,Four - Five,CHIR_IDrecbfwfdwqYaI0FpD-290095-CTSelect Drug Lis,,
Small Group Select 3-Tier Drug List (CT),Anthem,Small Group,Four - Five,CHIR_IDrecnadZFUBgMPsHer-229256-CTSmall Group Sel,,
Three Tier National Drug List (CT Health Plan),Anthem,"Small Group,Large Group Plans",Ten or More,CHIR_IDrec8oj1dMgvZ8Eqwj-313031-CTThree Tier Nati,,
Traditional Five Tier Drug List (CT Health Plan),Anthem,Unclear,Ten or More,CHIR_IDrecPNFjdSaxwsVElj-340181-CTTraditional Fiv,,
Traditional Four Tier Drug List (CT Health Plan),Anthem,Unclear,Ten or More,CHIR_IDrecFYRU4rrf6Lp7Ta-340180-CTTraditional Fou,,
Traditional Open 3-Tier Drug List (NY),Anthem,Unclear,Ten or More,CHIR_IDrecRUCLyDIeimfuhV-229512-NYTraditional Ope,,
Traditional Open 3-Tier Drug List Without Contraceptives (NY),Anthem,Unclear,Ten or More,CHIR_IDrecAbEJr9NWSO4kNF-290138-NYTraditional Ope,,
Traditional Open Drug List 3-Tier,Anthem,Unclear,Ten or More,CHIR_IDrecCM3xlFx8z5PKAd-190980-AKTraditional Ope,,
Traditional Open Drug List 3-Tier (CDI) (CA),Anthem,Unclear,Ten or More,CHIR_IDrecOjFTvQHjqejWhu-233840-AKTraditional Ope,,
Traditional Open Drug List 3-Tier (DMHC) (CA),Anthem,Unclear,Ten or More,CHIR_IDrecR6shwRDJ1EZP81-233845-CATraditional Ope,,
Traditional Open Drug List 3-Tier (VA),Anthem,Unclear,Ten or More,CHIR_IDrecZYPwJnUisehrG4-197807-VATraditional Ope,,
Traditional Open Drug List 4-Tier,Anthem,Unclear,Ten or More,CHIR_IDrec9YaaNtFblIMYD2-190989-AKTraditional Ope,,
Traditional Open Drug List 4-Tier (CDI) (CA),Anthem,Unclear,Ten or More,CHIR_IDrec1mptlQ9IIffekC-233846-AKTraditional Ope,,
Traditional Open Drug List 4-Tier (DMHC) (CA),Anthem,Unclear,Ten or More,CHIR_IDrecn3W3M0XkDRsI85-233847-CATraditional Ope,,
Traditional Open Drug List 4-Tier (VA),Anthem,Unclear,Ten or More,CHIR_IDrecbmgPHpeRLNJ7lD-197809-VATraditional Ope,,
Traditional Open Drug List 5-Tier,Anthem,Unclear,Ten or More,CHIR_IDrecRyqoG0DW8GIx4y-190994-AKTraditional Ope,,
Traditional Open Drug List 5-Tier (CDI) (CA),Anthem,Unclear,Ten or More,CHIR_IDrec8zJ6mu4xa4PyqC-233848-AKTraditional Ope,,
Traditional Open Drug List 5-Tier (DMHC) (CA),Anthem,Unclear,Ten or More,CHIR_IDrecHULLvIQv0r1Tu2-233851-AKTraditional Ope,,
Traditional Three Tier Drug List (CT Health Plan),Anthem,Unclear,Ten or More,CHIR_IDreczLobY6muPQEU3N-340179-CTTraditional Thr,,
Balanced Dispensing Limits (Health Plan),BCBS Illinois,Large Group Plans,Eight - Nine,CHIR_IDrecOH12LYRK6vlbzR-231937-AKBalanced Dispen,,
Balanced Drug List (Health Plan),BCBS Illinois,Large Group Plans,Two - Three,CHIR_IDrecD8bHXDAlYUuxnT-198167-AKBalanced Drug L,,
Basic Annual Dispensing Limits List (Health Plan),BCBS Illinois,"Large Group Plans,Small Employer Plans,Individual Plans",Eight - Nine,CHIR_IDrec9DPMkR0s4bTm5J-252487-AKBasic Annual Di,,
Basic Annual Drug List (Health Plan),BCBS Illinois,"Large Group Plans,Small Employer Plans,Individual Plans",Two - Three,CHIR_IDrecGZopZ7fSNLA3TF-213656-AKBasic Annual Dr,,
Basic Dispensing Limits (Health Plan),BCBS Illinois,"Large Group Plans,Small Employer Plans,Individual Plans",Ten or More,CHIR_IDrecIX334jgCHe0VIZ-231935-AKBasic Dispensin,,
Basic Drug List (Health Plan),BCBS Illinois,"Large Group Plans,Small Employer Plans,Individual Plans",Two - Three,CHIR_IDrecaFb1RpCNsr1lxH-136824-AKBasic Drug List,,
Enhanced Annual Drug List (IL Health Plan),BCBS Illinois,"Large Group Plans,Small Employer Plans",Two - Three,CHIR_IDrecvmwAISDn0AGfiT-290124-AKEnhanced Annual,,
Enhanced Annual Formulary Dispensing Limits (Health Plan),BCBS Illinois,"Large Group Plans,Small Employer Plans",Ten or More,CHIR_IDrecps26xB6wNUYp1u-238900-AKEnhanced Annual,,
Enhanced Drug List (Health Plan),BCBS Illinois,"Large Group Plans,Small Employer Plans",Two - Three,CHIR_IDrecskgWE9nCWTRM8V-136972-AKEnhanced Drug L,,
Enhanced Drug List Dispensing Limits (Health Plan),BCBS Illinois,"Large Group Plans,Small Employer Plans",Ten or More,CHIR_IDrec8WZnTw38YyIp5v-172343-AKEnhanced Drug L,,
Health Insurance Marketplace 4-Tier Drug List (HMO POS) (IL Health Plan),BCBS Illinois,Individual,Two - Three,CHIR_IDrec0Y84cLsYbBeZf0-311656-AKHealth Insuranc,,
Health Insurance Marketplace 4-Tier Drug List (IL Health Plan),BCBS Illinois,Individual,Two - Three,CHIR_IDrecBM1DTSNPLoIDpg-311655-AKHealth Insuranc,,
Health Insurance Marketplace 6-Tier Drug List (Health Plan),BCBS Illinois,Individual,Two - Three,CHIR_IDrecg0T5Hnx6o1Q583-170116-AKHealth Insuranc,,
Health Insurance Marketplace Dispensing Limits (Health Plan),BCBS Illinois,Individual,Ten or More,CHIR_IDrec3uezi6ijl5G0T0-231934-AKHealth Insuranc,,
Health Insurance Marketplace HMO POS 6-Tier Drug List (Health Plan),BCBS Illinois,Individual,Two - Three,CHIR_IDrecJzZzCH9ija0PPs-198169-AKHealth Insuranc,,
Multi-Tier Basic Annual Drug List (IL Health Plan),BCBS Illinois,Large Group Plans,Two - Three,CHIR_IDrecY1yMDuvfCTMIEL-290123-AKMulti-Tier Basi,,
Multi-Tier Basic Drug List (Health Plan),BCBS Illinois,Large Group Plans,Two - Three,CHIR_IDreczI5zkLoVB8BWKt-197341-AKMulti-Tier Basi,,
Multi-Tier Enhanced Annual Drug List (IL Health Plan),BCBS Illinois,Large Group Plans,Two - Three,CHIR_IDrecNPIWUxOwYoZ7k4-290125-AKMulti-Tier Enha,,
Multi-Tier Enhanced Drug List (Health Plan),BCBS Illinois,Large Group Plans,Two - Three,CHIR_IDrec7Ky23fW2U3T0P9-137357-AKMulti-Tier Enha,,
Performance Annual Drug List (Health Plan),BCBS Illinois,Large Group Plans,Two - Three,CHIR_IDrecViSnqdX6t9Pkno-231285-AKPerformance Ann,,
Performance Dispensing Limits (Health Plan),BCBS Illinois,Large Group Plans,Eight - Nine,CHIR_IDrec0i66DIWYKXlhh3-231938-AKPerformance Dis,,
Performance Drug List (Health Plan),BCBS Illinois,Large Group Plans,Two - Three,CHIR_IDrechEndiqjYrozhgE-151699-AKPerformance Dru,,
Performance Select Dispensing Limits (Health Plan),BCBS Illinois,Large Group Plans,Ten or More,CHIR_IDrec0FJQOSZW2AlsYj-231939-AKPerformance Sel,,
Performance Select Drug List (Health Plan),BCBS Illinois,Large Group Plans,Two - Three,CHIR_IDrecZQZuedYBByh8q9-151701-AKPerformance Sel,,
Balanced Drug List (Health Plan),BCBS Texas,Unclear,Two - Three,,,
Balanced Drug List Dispensing Limits (Health Plan),BCBS Texas,"Large Group Plans,Small Employer Plans,Individual",Ten or More,CHIR_IDrecsCwp0I0aO9jbWE-229477-AKBalanced Drug L,,
Basic Annual Drug List (Health Plan),BCBS Texas,"Large Group Plans,Small Employer Plans,Individual",Two - Three,CHIR_IDrecfTSia0DRlaRVWT-231974-AKBasic Annual Dr,,
Basic Annual Drug List Dispensing Limits (Health Plan),BCBS Texas,"Large Group Plans,Small Employer Plans,Individual",Ten or More,CHIR_IDrechJo0JdJnD1FlIw-238681-AKBasic Annual Dr,,
Basic Drug List (Health Plan),BCBS Texas,Unclear,Two - Three,,,
Basic Drug List Dispensing Limits (Health Plan),BCBS Texas,"Large Group Plans,Small Employer Plans,Individual",Eight - Nine,CHIR_IDrec5cFJt2HMUQc5JK-229475-AKBasic Drug List,,
Enhanced Annual Dispensing Limits (Health Plan),BCBS Texas,"Large Group Plans,Small Employer Plans,Individual",Ten or More,CHIR_IDrecdNkafG0cgJbNeF-290158-AKEnhanced Annual,,
Enhanced Annual Drug List (Health Plan),BCBS Texas,"Large Group Plans,Small Employer Plans,Individual",Two - Three,CHIR_IDrec6P2jTGdvu5UrPP-229449-AKEnhanced Annual,,
Enhanced Drug List (Health Plan),BCBS Texas,"Large Group Plans,Small Employer Plans,Individual",Two - Three,CHIR_IDrecLlzcaf1l2ElYN5-136972-AKEnhanced Drug L,,
Enhanced Drug List Dispensing Limits (Health Plan),BCBS Texas,"Large Group Plans,Small Employer Plans,Individual",Ten or More,CHIR_IDrecvzXw6zp6eVcoPe-172343-AKEnhanced Drug L,,
Health Insurance Marketplace 4-Tier Drug List (Health Plan),BCBS Texas,Individual,Two - Three,CHIR_IDrecMUcnZLAncAAObT-311991-TXHealth Insuranc,,
Health Insurance Marketplace 6-Tier Drug List (Health Plan),BCBS Texas,Individual,Two - Three,CHIR_IDrecoO42qMIDBTzofX-171374-AKHealth Insuranc,,
Health Insurance Marketplace 6-Tier In-Vitro Fertilization (IVF) Drug List (Health Plan),BCBS Texas,Individual,Two - Three,CHIR_IDrecqe6xykF8rzBzmx-290128-AKHealth Insuranc,,
Health Insurance Marketplace Drug List Dispensing Limits (Health Plan),BCBS Texas,Individual,Ten or More,CHIR_IDrecNeAo44lGvtK5LC-229474-AKHealth Insuranc,,
Multi-Tier Basic Annual Drug List (Health Plan),BCBS Texas,Large Group Plans,Two - Three,CHIR_IDrec8nKL0jBluspeRJ-229442-AKMulti-Tier Basi,,
Multi-Tier Basic Drug List (Health Plan),BCBS Texas,Unclear,Two - Three,,,
Multi-Tier Enhanced Annual Drug List (Health Plan),BCBS Texas,Large Group Plans,Two - Three,CHIR_IDrecBxhgkzCYpz6EWO-229454-AKMulti-Tier Enha,,
Multi-Tier Enhanced Drug List (Health Plan),BCBS Texas,Unclear,Two - Three,,,
Performance Annual Drug List (Health Plan),BCBS Texas,Unclear,Two - Three,,,
Performance Annual Drug List Dispensing Limits (Health Plan),BCBS Texas,Large Group Plans,Eight - Nine,CHIR_IDrecjm5u9PZEEByRoE-238948-AKPerformance Ann,,
Performance Drug List (Health Plan),BCBS Texas,Unclear,Two - Three,,,
Performance Drug List Dispensing Limits (Health Plan),BCBS Texas,Large Group Plans,Ten or More,CHIR_IDrecPmeP7pR0CdLmM8-172359-AKPerformance Dru,,
Performance Select Drug List (Health Plan),BCBS Texas,Large Group Plans,Two - Three,CHIR_IDrecQSu1ZAZA9mvB0k-152573-AKPerformance Sel,,
Performance Select Drug List Dispensing Limits (Health Plan),BCBS Texas,Large Group Plans,Ten or More,CHIR_IDrecUnRU6plx3NIfFC-172360-AKPerformance Sel,,
Blue Shield Performance Drug Formulary (Health Plan),Blue Shield California,Large Group Plans,Two - Three,CHIR_IDrecSsRmQCXeuWPfsc-371030-AKBlue Shield Per,,
Plus Drug Formulary (DMHC) (Health Plan),Blue Shield California,Large Group Plans,Eight - Nine,CHIR_IDrecwEa0txF30LCwQc-267382-AKPlus Drug Formu,,
Plus Drug Formulary (Grandfathered CDI) (Health Plan),Blue Shield California,Large Group Plans,Eight - Nine,CHIR_IDrecoLjijgZkfLyanJ-137320-AKPlus Drug Formu,,
Plus Drug Formulary (Grandfathered DMHC) (Health Plan),Blue Shield California,Large Group Plans,Eight - Nine,CHIR_IDreci9D4SyC5GKCSou-267380-AKPlus Drug Formu,,
Standard Formulary (DMHC) (Health Plan),Blue Shield California,"Individual and Family Plans,Small Group Plans",Two - Three,CHIR_IDrecnEX1X1DNveXeAe-136813-AKStandard Formul,,
Value Drug Formulary (DMHC) (Health Plan),Blue Shield California,HMA & PPO Group Plans,Two - Three,CHIR_IDrecthjnRCE5vRUEYp-198183-AKValue Drug Form,,
Cigna Advantage 3-Tier Prescription Drug List (CDI) (CA Health Plan),Cigna,Employer Plans (Small Group Plans and Large Group Plans),Ten or More,CHIR_IDreco8dzvWMiavZF7e-268500-CACigna Advantage,,
Cigna Advantage 3-Tier Prescription Drug List (Health Plan),Cigna,Employer Plans (Small Group Plans and Large Group Plans),Six - Seven,CHIR_IDrech1mbeY7bu1smZ5-136992-AKCigna Advantage,,
Cigna Advantage 4-Tier Prescription Drug List (CDI) (CA Health Plan),Cigna,Employer Plans (Small Group Plans and Large Group Plans),Ten or More,CHIR_IDrectHaioBXOsI6cqX-268501-CACigna Advantage,,
Cigna Advantage Four Tier Prescription Drug List (Health Plan),Cigna,Employer Plans (Small Group Plans and Large Group Plans),Six - Seven,CHIR_IDrec19rlq1vtNSOYbr-136993-AKCigna Advantage,,
Cigna HealthCare Premiere 4-Tier Prescription Drug List (VA Health Plan),Cigna,Employer Plans (Small Group Plans and Large Group Plans),Four - Five,CHIR_IDrecABP8O2d7rCsqhL-342579-VACigna HealthCar,,
Cigna Legacy (Performance) 3-Tier Prescription Drug List (CDI) (CA Health Plan),Cigna,Employer Plans (Small Group Plans and Large Group Plans),Eight - Nine,CHIR_IDrecLf3fWd431A9nHM-268514-CACigna Legacy (P,,
Cigna Legacy (Performance) 3-Tier Prescription Drug List (Health Plan),Cigna,Employer Plans (Small Group Plans and Large Group Plans),Six - Seven,CHIR_IDrecQ40lXEB3LnrTmV-268511-AKCigna Legacy (P,,
Cigna Legacy (Performance) 4-Tier Prescription Drug List (CDI) (CA Health Plan),Cigna,Employer Plans (Small Group Plans and Large Group Plans),Eight - Nine,CHIR_IDrecYVBm9MdEPWXQeU-268515-CACigna Legacy (P,,
Cigna Legacy (Performance) 4-Tier Prescription Drug List (Health Plan),Cigna,Employer Plans (Small Group Plans and Large Group Plans),Six - Seven,CHIR_IDrec12S6n89bo0pR1H-268513-AKCigna Legacy (P,,
Cigna Legacy (Standard) 3-Tier Prescription Drug List (CDI) (CA Health Plan),Cigna,Employer Plans (Small Group Plans and Large Group Plans),Eight - Nine,CHIR_IDrec4Qr94xDlYrbRga-268504-CACigna Legacy (S,,
Cigna Legacy (Standard) 3-Tier Prescription Drug List (DHMC) (CA Health Plan),Cigna,Employer Plans (Small Group Plans and Large Group Plans),Eight - Nine,CHIR_IDrecF2s1rGKZjNLRgl-268505-CACigna Legacy (S,,
Cigna Legacy (Standard) 3-Tier Prescription Drug List (Health Plan),Cigna,Employer Plans (Small Group Plans and Large Group Plans),Six - Seven,CHIR_IDrecrSc38zq5JJ64ol-198422-AKCigna Legacy (S,,
Cigna Legacy (Standard) 4-Tier Prescription Drug List (CDI) (CA Health Plan),Cigna,Employer Plans (Small Group Plans and Large Group Plans),Four - Five,CHIR_IDrecIVRi7gup9Oe04p-268506-CACigna Legacy (S,,
Cigna Legacy (Standard) 4-Tier Prescription Drug List (DHMC) (CA Health Plan),Cigna,Employer Plans (Small Group Plans and Large Group Plans),Six - Seven,CHIR_IDrecdXPtGEJHO8qAel-268507-CACigna Legacy (S,,
Cigna Legacy (Standard) 4-Tier Prescription Drug List (Health Plan),Cigna,Employer Plans (Small Group Plans and Large Group Plans),Six - Seven,CHIR_IDreceJlrorRcUoCUC9-268502-AKCigna Legacy (S,,
Cigna National 3-Tier Prescription Drug List (CDI) (CA Health Plan),Cigna,Employer Plans (Small Group Plans and Large Group Plans),Ten or More,CHIR_IDrec3JRUHq6kAMUXBe-268519-CACigna National ,,
Cigna National 3-Tier Prescription Drug List (DHMC) (CA Health Plan),Cigna,Employer Plans (Small Group Plans and Large Group Plans),Ten or More,CHIR_IDrecx3sTGQuwDRV5AK-268520-CACigna National ,,
Cigna National Preferred 4-Tier Prescription Drug List (CDI) (CA Health Plan),Cigna,Employer Plans (Small Group Plans and Large Group Plans),Six - Seven,CHIR_IDrecz9PX0eb2hqzpIV-316786-CACigna National ,,
Cigna National Preferred 4-Tier Prescription Drug List (DMHC) (CA Health Plan),Cigna,Employer Plans (Small Group Plans and Large Group Plans),Six - Seven,CHIR_IDrecFVf6CGLVgwPnNp-316787-CACigna National ,,
Cigna National Preferred 4-Tier Prescription Drug List (Health Plan),Cigna,Employer Plans (Small Group Plans and Large Group Plans),Six - Seven,CHIR_IDrec69p4dVMkC7nJwK-316780-AKCigna National ,,
Cigna National Preferred 4-Tier Specialty Prescription Drug List (CDI) (CA Health Plan),Cigna,Employer Plans (Small Group Plans and Large Group Plans),Six - Seven,CHIR_IDrecjT083Nk14tOagv-316788-CACigna National ,,
Cigna National Preferred 4-Tier Specialty Prescription Drug List (DMHC) (CA Health Plan),Cigna,Employer Plans (Small Group Plans and Large Group Plans),Six - Seven,CHIR_IDrecwKFCq7JLOuT0Bi-316789-CACigna National ,,
Cigna National Preferred 4-Tier Specialty Prescription Drug List (Health Plan),Cigna,Employer Plans (Small Group Plans and Large Group Plans),Six - Seven,CHIR_IDrecbkHlq7SP7Ogt7i-316781-AKCigna National ,,
Cigna National Preferred 5-Tier Prescription Drug List (CDI) (CA Health Plan),Cigna,Employer Plans (Small Group Plans and Large Group Plans),Six - Seven,CHIR_IDrechaSNIScHw2dU0W-316791-CACigna National ,,
Cigna National Preferred 5-Tier Prescription Drug List (DMHC) (CA Health Plan),Cigna,Employer Plans (Small Group Plans and Large Group Plans),Six - Seven,CHIR_IDrecusdGJp8vXTL9qw-316792-CACigna National ,,
Cigna National Preferred 5-Tier Prescription Drug List (Health Plan),Cigna,Employer Plans (Small Group Plans and Large Group Plans),Six - Seven,CHIR_IDrecvcjPMepVksvuhe-316782-AKCigna National ,,
Cigna National Preferred 5-Tier Specialty Prescription Drug List (CDI) (CA Health Plan),Cigna,Employer Plans (Small Group Plans and Large Group Plans),Six - Seven,CHIR_IDrecZp60qazvEOCOIe-316793-CACigna National ,,
Cigna National Preferred 5-Tier Specialty Prescription Drug List (DMHC) (CA Health Plan),Cigna,Employer Plans (Small Group Plans and Large Group Plans),Six - Seven,CHIR_IDreca9XzQkdTf86EUo-316794-CACigna National ,,
Cigna National Preferred 5-Tier Specialty Prescription Drug List (Health Plan),Cigna,Employer Plans (Small Group Plans and Large Group Plans),Six - Seven,CHIR_IDrecJUkHMhy9wFydai-316783-AKCigna National ,,
Cigna National Preferred 6-Tier Prescription Drug List (CDI) (CA Health Plan),Cigna,Employer Plans (Small Group Plans and Large Group Plans),Six - Seven,CHIR_IDrecCKd9ou6oLEKtG8-316796-CACigna National ,,
Cigna National Preferred 6-Tier Prescription Drug List (DMHC) (CA Health Plan),Cigna,Employer Plans (Small Group Plans and Large Group Plans),Six - Seven,CHIR_IDrec2wHHlTA6YHpzo6-316797-CACigna National ,,
Cigna National Preferred 6-Tier Prescription Drug List (Health Plan),Cigna,Employer Plans (Small Group Plans and Large Group Plans),Six - Seven,CHIR_IDrecb56e5cJCQ6Hmf5-316785-AKCigna National ,,
Cigna National Preferred Prescription Drug List (Health Plan),Cigna,Employer Plans (Small Group Plans and Large Group Plans),Six - Seven,CHIR_IDrecRDqVEDerLMP7jF-268518-AKCigna National ,,
Cigna Performance 3-Tier Prescription Drug List (CDI) (CA Health Plan),Cigna,Employer Plans (Small Group Plans and Large Group Plans),Eight - Nine,CHIR_IDrec5boxnyE0YH8kjB-268497-CACigna Performan,,
Cigna Performance 3-Tier Prescription Drug List (Health Plan),Cigna,Employer Plans (Small Group Plans and Large Group Plans),Six - Seven,CHIR_IDrecJd5kD6r5l5kdhh-136990-AKCigna Performan,,
Cigna Performance 4-Tier Prescription Drug List (CDI) (CA Health Plan),Cigna,Employer Plans (Small Group Plans and Large Group Plans),Eight - Nine,CHIR_IDrecsyKu9FxwVFcOyd-268498-CACigna Performan,,
Cigna Performance Four Tier Prescription Drug List (Health Plan),Cigna,Employer Plans (Small Group Plans and Large Group Plans),Six - Seven,CHIR_IDrecopGdpAEow8JYII-136991-AKCigna Performan,,
Cigna Plus 4-Tier Prescription Drug List (FL Health Plan),Cigna,Employer Plans (Small Group Plans and Large Group Plans),Four - Five,CHIR_IDrecd4qtuaL8eFOiQO-315721-FLCigna Plus 4-Ti,,
Cigna Plus 4-Tier Prescription Drug List (IL Health Plan),Cigna,Employer Plans (Small Group Plans and Large Group Plans),Four - Five,CHIR_IDrec1IHz2OOJpSBvYd-315723-ILCigna Plus 4-Ti,,
Cigna Plus 4-Tier Prescription Drug List (MS Health Plan),Cigna,Employer Plans (Small Group Plans and Large Group Plans),Four - Five,CHIR_IDrecO8bdAH1bLHKmce-315727-MSCigna Plus 4-Ti,,
Cigna Plus 4-Tier Prescription Drug List (NC Health Plan),Cigna,Employer Plans (Small Group Plans and Large Group Plans),Four - Five,CHIR_IDreciy9B9sDXpr2Dqs-315728-NCCigna Plus 4-Ti,,
Cigna Plus 4-Tier Prescription Drug List (TN Health Plan),Cigna,Employer Plans (Small Group Plans and Large Group Plans),Four - Five,CHIR_IDrecIwMlQXmgXLizkc-315730-TNCigna Plus 4-Ti,,
Cigna Plus 4-Tier Prescription Drug List (TX Health Plan),Cigna,Employer Plans (Small Group Plans and Large Group Plans),Four - Five,CHIR_IDrecprZRTEFB3PlkdA-315731-TXCigna Plus 4-Ti,,
Cigna Plus 5-Tier Prescription Drug List (GA Health Plan),Cigna,Employer Plans (Small Group Plans and Large Group Plans),Four - Five,CHIR_IDrecHyYRqsK42c4Ufu-290261-GACigna Plus 5-Ti,,
Cigna Plus 5-Tier Prescription Drug List (MS Health Plan),Cigna,Employer Plans (Small Group Plans and Large Group Plans),Four - Five,CHIR_IDrec6K8dDay3YQXC4r-290262-MSCigna Plus 5-Ti,,
Cigna Plus 5-Tier Prescription Drug List (TX Health Plan),Cigna,Employer Plans (Small Group Plans and Large Group Plans),Four - Five,CHIR_IDrec897RxDNvGubkQq-315719-TXCigna Plus 5-Ti,,
Cigna Premiere 4-Tier Prescription Drug List (AZ Health Plan),Cigna,Employer Plans (Small Group Plans and Large Group Plans),Four - Five,CHIR_IDrec7AIzuLz4CznuBE-315720-AZCigna Premiere ,,
Cigna Premiere 4-Tier Prescription Drug List (IN Health Plan),Cigna,Employer Plans (Small Group Plans and Large Group Plans),Four - Five,CHIR_IDrecsjld1rrbq7890t-315724-INCigna Premiere ,,
Cigna Premiere 5-Tier Prescription Drug List (IN Health Plan),Cigna,Employer Plans (Small Group Plans and Large Group Plans),Four - Five,CHIR_IDrecubku9V573IgvWv-315717-INCigna Premiere ,,
Cigna Rx Essential 5-Tier Prescription Drug List (CO Health Plan),Cigna,Employer Plans (Small Group Plans and Large Group Plans),Four - Five,CHIR_IDrecu6kCoiBjWI3ilg-199851-COCigna Rx Essent,,
Cigna Rx Plus 5-Tier Prescription Drug List (FL Health Plan),Cigna,Employer Plans (Small Group Plans and Large Group Plans),Four - Five,CHIR_IDrecSGoB9fMDWK7rxb-199852-FLCigna Rx Plus 5,,
Cigna Rx Plus 5-Tier Prescription Drug List (IL Health Plan),Cigna,Employer Plans (Small Group Plans and Large Group Plans),Four - Five,CHIR_IDrectUEMNRDRT1oaFG-199853-ILCigna Rx Plus 5,,
Cigna Rx Plus 5-Tier Prescription Drug List (NC Health Plan),Cigna,Employer Plans (Small Group Plans and Large Group Plans),Four - Five,CHIR_IDrecl7DpdEpmQtYnyD-199855-NCCigna Rx Plus 5,,
Cigna Rx Plus 5-Tier Prescription Drug List (TN Health Plan),Cigna,Employer Plans (Small Group Plans and Large Group Plans),Four - Five,CHIR_IDrecFuxI7QC0T0swLz-199856-TNCigna Rx Plus 5,,
Cigna Rx Premiere 5-Tier Prescription Drug List (AZ Health Plan),Cigna,Employer Plans (Small Group Plans and Large Group Plans),Four - Five,CHIR_IDrec1TkkGpQ2uF6bDK-199850-AZCigna Rx Premie,,
Cigna Rx Premiere 5-Tier Prescription Drug List (VA Health Plan),Cigna,Employer Plans (Small Group Plans and Large Group Plans),Four - Five,CHIR_IDrecXN4ilDVIJsIlsy-199858-VACigna Rx Premie,,
Cigna Specialty Legacy (Standard) 4-Tier Prescription Drug List (CDI) (CA Health Plan),Cigna,Employer Plans (Small Group Plans and Large Group Plans),Six - Seven,CHIR_IDrecRiX2gUWorPfloW-268509-CACigna Specialty,,
Cigna Specialty Legacy (Standard) 4-Tier Prescription Drug List (DHMC) (CA Health Plan),Cigna,Employer Plans (Small Group Plans and Large Group Plans),Six - Seven,CHIR_IDrecBE4b7RoZccHPkC-268510-CACigna Specialty,,
Cigna Specialty Legacy (Standard) 4-Tier Prescription Drug List (Health Plan),Cigna,Employer Plans (Small Group Plans and Large Group Plans),Six - Seven,CHIR_IDrecLhChQdPINtnJPv-268503-AKCigna Specialty,,
Cigna Specialty Standard 4-Tier Prescription Drug List (CDI) (CA Health Plan),Cigna,Employer Plans (Small Group Plans and Large Group Plans),Eight - Nine,CHIR_IDrec2htHm6fFJXcnVe-268485-CACigna Specialty,,
Cigna Specialty Standard 4-Tier Prescription Drug List (DHMC) (CA Health Plan),Cigna,Employer Plans (Small Group Plans and Large Group Plans),Eight - Nine,CHIR_IDreczN89f6WNs77hqx-268486-CACigna Specialty,,
Cigna Specialty Standard 4-Tier Prescription Drug List (Health Plan),Cigna,Employer Plans (Small Group Plans and Large Group Plans),Six - Seven,CHIR_IDrecFKQWY0a58xrntl-268479-AKCigna Specialty,,
Cigna Specialty Value 4-Tier Prescription Drug List (CDI) (CA Health Plan),Cigna,Employer Plans (Small Group Plans and Large Group Plans),Eight - Nine,CHIR_IDrecsPx1FO1IQwUgn1-268495-CACigna Specialty,,
Cigna Specialty Value 4-Tier Prescription Drug List (DHMC) (CA Health Plan),Cigna,Employer Plans (Small Group Plans and Large Group Plans),Six - Seven,CHIR_IDrecnYvV4HVyFnTJWs-268496-CACigna Specialty,,
Cigna Specialty Value 4-Tier Prescription Drug List (Health Plan),Cigna,Employer Plans (Small Group Plans and Large Group Plans),Six - Seven,CHIR_IDrecvhsz05Tb03gEcw-268489-AKCigna Specialty,,
Cigna Standard 3-Tier Prescription Drug List (CDI) (CA Health Plan),Cigna,Employer Plans (Small Group Plans and Large Group Plans),Eight - Nine,CHIR_IDrecmnXCnXMOZRdmLV-268481-CACigna Standard ,,
Cigna Standard 3-Tier Prescription Drug List (DHMC) (CA Health Plan),Cigna,Employer Plans (Small Group Plans and Large Group Plans),Eight - Nine,CHIR_IDrecynhegPVjTmxsw5-268482-CACigna Standard ,,
Cigna Standard 3-Tier Prescription Drug List (Health Plan),Cigna,Employer Plans (Small Group Plans and Large Group Plans),Six - Seven,CHIR_IDrecl2FUMKjFmSeaLa-151892-AKCigna Standard ,,
Cigna Standard 4-Tier Prescription Drug List (CDI) (CA Health Plan),Cigna,Employer Plans (Small Group Plans and Large Group Plans),Eight - Nine,CHIR_IDrecLamNQ2VlIRIz2r-268483-CACigna Standard ,,
Cigna Standard 4-Tier Prescription Drug List (DHMC) (CA Health Plan),Cigna,Employer Plans (Small Group Plans and Large Group Plans),Eight - Nine,CHIR_IDreck4PQrMrU1HNgAH-268484-CACigna Standard ,,
Cigna Standard 4-Tier Prescription Drug List (Health Plan),Cigna,Employer Plans (Small Group Plans and Large Group Plans),Six - Seven,CHIR_IDrecSlQXSljxNDjwxP-268477-AKCigna Standard ,,
Cigna Total Savings 3-Tier Prescription Drug List (CDI) (CA Health Plan),Cigna,Employer Plans (Small Group Plans and Large Group Plans),Six - Seven,CHIR_IDrec71qAIVXcOAfMpZ-268517-CACigna Total Sav,,
Cigna Total Savings 3-Tier Prescription Drug List (Health Plan),Cigna,Employer Plans (Small Group Plans and Large Group Plans),Six - Seven,CHIR_IDrecSc9PHbFNuB92wa-268516-AKCigna Total Sav,,
Cigna Value 3-Tier Prescription Drug List (CDI) (CA Health Plan),Cigna,Employer Plans (Small Group Plans and Large Group Plans),Eight - Nine,CHIR_IDrecsV0fdNb8FvaEPw-268491-CACigna Value 3-T,,
Cigna Value 3-Tier Prescription Drug List (DHMC) (CA Health Plan),Cigna,Employer Plans (Small Group Plans and Large Group Plans),Eight - Nine,CHIR_IDrecsVOQur4ZI5L2A9-268492-CACigna Value 3-T,,
Cigna Value 3-Tier Prescription Drug List (Health Plan),Cigna,Employer Plans (Small Group Plans and Large Group Plans),Six - Seven,CHIR_IDrecbPqYntfpVpF3T2-198426-AKCigna Value 3-T,,
Cigna Value 4-Tier Prescription Drug List (CDI) (CA Health Plan),Cigna,Employer Plans (Small Group Plans and Large Group Plans),Six - Seven,CHIR_IDrecOujHsueib5cDzA-268493-CACigna Value 4-T,,
Cigna Value 4-Tier Prescription Drug List (DHMC) (CA Health Plan),Cigna,Employer Plans (Small Group Plans and Large Group Plans),Eight - Nine,CHIR_IDrecIfPO3U7ZvTTZCs-268494-CACigna Value 4-T,,
Cigna Value 4-Tier Prescription Drug List (Health Plan),Cigna,Employer Plans (Small Group Plans and Large Group Plans),Six - Seven,CHIR_IDrecalp2Vf0dSYE8zP-268488-AKCigna Value 4-T,,
Diabetic Supply Preventive Medication List (Health Plan),Cigna,All Segments,Six - Seven,CHIR_IDrecosNKYgvw2d5kPT-290285-AKDiabetic Supply,,
Legacy (Standard) and Legacy (Performance) Preventive Drug List (Health Plan),Cigna,Employer Plans (Small Group Plans and Large Group Plans),Six - Seven,CHIR_IDreceaPYwYqvhwfdbY-268533-AKLegacy (Standar,,
Legacy (Standard) and Legacy (Performance) Preventive Generics Drug List (Health Plan),Cigna,Employer Plans (Small Group Plans and Large Group Plans),Six - Seven,CHIR_IDrecIjID5czWzbR1pX-268530-AKLegacy (Standar,,
Legacy Diabetic Supply Preventive Medication List (Health Plan),Cigna,Employer Plans (Small Group Plans and Large Group Plans),Six - Seven,CHIR_IDrec9lezhyppiduMS8-290284-AKLegacy Diabetic,,
Oscar and Cigna Express Scripts High Performance Formulary (AZ Health Plan),Cigna,Employer Plans (Small Group Plans and Large Group Plans),Six - Seven,CHIR_IDrec8XHi8XHpAmgl09-301799-AZOscar and Cigna,,
Oscar and Cigna Express Scripts High Performance Formulary (CA Health Plan),Cigna,Employer Plans (Small Group Plans and Large Group Plans),Six - Seven,CHIR_IDrecYMNmvk80tSBU2X-301803-CAOscar and Cigna,,
Oscar and Cigna Express Scripts High Performance Formulary (CT Health Plan),Cigna,Employer Plans (Small Group Plans and Large Group Plans),Six - Seven,CHIR_IDrecavtiNO8tA0sADe-301806-CTOscar and Cigna,,
Oscar and Cigna Express Scripts High Performance Formulary (GA Health Plan),Cigna,Employer Plans (Small Group Plans and Large Group Plans),Six - Seven,CHIR_IDrecXKPcpVxGYyghZt-301923-GAOscar and Cigna,,
Oscar and Cigna Express Scripts High Performance Formulary (KS Health Plan),Cigna,Employer Plans (Small Group Plans and Large Group Plans),Six - Seven,CHIR_IDrecxQnO4owR1lVQM4-301931-KSOscar and Cigna,,
Oscar and Cigna Express Scripts High Performance Formulary (MO Health Plan),Cigna,Employer Plans (Small Group Plans and Large Group Plans),Six - Seven,CHIR_IDrecx8Okyot4wI4XYs-301935-MOOscar and Cigna,,
Oscar and Cigna Express Scripts High Performance Formulary (PA Health Plan),Cigna,Employer Plans (Small Group Plans and Large Group Plans),Six - Seven,CHIR_IDrecqcwFXQ0JRL9UiJ-309486-PAOscar and Cigna,,
Oscar and Cigna Express Scripts High Performance Formulary (TN Health Plan),Cigna,Employer Plans (Small Group Plans and Large Group Plans),Six - Seven,CHIR_IDrecV9Iw8f0i9iPXB0-302189-TNOscar and Cigna,,
Standard and Performance Preventive Drug List (Health Plan),Cigna,Employer Plans (Small Group Plans and Large Group Plans),Six - Seven,CHIR_IDrecz2TOibqNJzGEDX-268532-AKStandard and Pe,,
Standard and Performance Preventive Generics Drug List (Health Plan),Cigna,Employer Plans (Small Group Plans and Large Group Plans),Six - Seven,CHIR_IDrecuANwgvoPFcpMrm-268528-AKStandard and Pe,,
Standard Plan Generics and Preferred Brands Drug List for the National Preferred Drug List (Health Plan),Cigna,Employer Plans (Small Group Plans and Large Group Plans),Two - Three,CHIR_IDrec9TSEoHzm9YHyfK-286394-AKStandard Plan G,,
Standard Plus Plan Generics and Preferred Brands Drug List for the National Preferred Drug List (Health Plan),Cigna,Employer Plans (Small Group Plans and Large Group Plans),Four - Five,CHIR_IDrecLeYx1W3KeMjAbG-286395-AKStandard Plus P,,
Standard Plus Preventive Drug List (Health Plan),Cigna,Unclear,None,,,
Standard Preventive Drug List (Health Plan),Cigna,Employer Plans (Small Group Plans and Large Group Plans),None,CHIR_IDreccbA3CpSYRKM9Bt-268535-AKStandard Preven,,
Value and Advantage Preventive Drug List (Health Plan),Cigna,Employer Plans (Small Group Plans and Large Group Plans),Six - Seven,CHIR_IDrecy6gS3Y8oF9iVFd-268534-AKValue and Advan,,
Value and Advantage Preventive Generics Drug List (Health Plan),Cigna,Employer Plans (Small Group Plans and Large Group Plans),Six - Seven,CHIR_IDrecHL5acZB4MwThLP-268529-AKValue and Advan,,
Care Choices for HSA Plans Medication Guide (FL Health Plan),Florida Blue,"Individual and Family Plans,Small Group Plans,Large Group Plans",Four - Five,CHIR_IDrecyovVyrzy1CxHHQ-154686-AKCare Choices fo,,
Care Choices for Simple Choices Medication Guide (FL Health Plan),Florida Blue,Individual and Family Plans,Four - Five,CHIR_IDrecmxsU5Z2OoJa5wx-309612-AKCare Choices fo,,
Care Choices Medication Guide (FL Health Plan),Florida Blue,"Individual and Family Plans,Small Group Plans",Four - Five,CHIR_IDrecntLNRSt8KOEFDv-137328-AKCare Choices Me,,
Closed Medication Guide (Health Plan),Florida Blue,Large Group Plans,Four - Five,CHIR_IDrecjrAjcPKtKkec7x-136816-AKClosed Medicati,,
Condition Care Rx Program Drug List (FL Health Plan),Florida Blue,Unclear,None,CHIR_IDrecbbX93MtYy9DwSa-269772-AKCondition Care ,,
Generic Choices Medication Guide (FL Health Plan),Florida Blue,Large Group Plans,Four - Five,CHIR_IDrecDu0lunmuQ38R9D-136930-AKGeneric Choices,,
Large Group Care Choices Medication Guide (FL Health Plan),Florida Blue,Large Group Plans,Four - Five,CHIR_IDrecmfjO2kbN9vzFRn-310802-FLLarge Group Car,,
Large Group ValueScript Rx Medication Guide (FL Health Plan),Florida Blue,"Individual and Family Plans,Small Group Plans,Large Group Plans",Four - Five,CHIR_IDrecCaIH7PomONSHnG-310810-FLLarge Group Val,,
NetResults A-Series Lite Medication Guide (FL Health Plan),Florida Blue,Unclear,Two - Three,CHIR_IDrecDAwCOhOGFxpTBF-261159-AKNetResults A-Se,,
NetResults A-Series Medication Guide (FL Health Plan),Florida Blue,Unclear,Two - Three,CHIR_IDrecIieQ6iXPZy3ejk-261161-AKNetResults A-Se,,
Open Medication Guide (Health Plan),Florida Blue,Large Group Plans,Four - Five,CHIR_IDrecVvia4Pu6VHM9Gu-136815-AKOpen Medication,,
Responsible Quantity Program,Florida Blue,Unclear,Four - Five,CHIR_IDrecWtOegHJlk0tuCM-194831-FLResponsible Qua,,
ValueScript Rx for Simple Choice Plans 4-Tier Medication Guide (Commercial),Florida Blue,Individual and Family Plans,Six - Seven,CHIR_IDrecPJJp9aJsZKSH2G-154688-FLValueScript Rx ,,
ValueScript Rx Medication Drug Guide (FL Health Plan),Florida Blue,"Individual and Family Plans,Small Group Plans,Large Group Plans",Four - Five,CHIR_IDrectPk81cFOUvkjZV-137327-AKValueScript Rx ,,
5-Tier Formulary Benefit (Commercial) (GA),Kaiser Permanente,Unclear,None,CHIR_IDrecCNYHnT4Fmv9otx-149909-GA5-Tier Formular,,
Access PPO/SEBB Large Employer Groups 4-Tier Drug Formulary (Commercial) (WA),Kaiser Permanente,Large Group Plans,None,CHIR_IDrec3HQSC3J7eARoJZ-200070-WAAccess PPO/SEBB,,
Access/Alliance/Alliant Plus/Core/Elect/Omni/Options 3-Tier Drug Formulary (Health Plan) (WA),Kaiser Permanente,Unclear,None,CHIR_IDrec6XkY18NrajcyUl-136874-WAAccess/Alliance,,
Added Choice Plan Formulary with Specialty Drug Tier (HI),Kaiser Permanente,Unclear,Eight - Nine,CHIR_IDrecWSRSS3FPjapozA-230638-HIAdded Choice Pl,,
Core/ Access PPO/Connect 4-Tier Drug Formulary (Health Plan) (WA),Kaiser Permanente,Unclear,None,CHIR_IDrecDkoAM63o54gzgd-138656-WACore/ Access PP,,
Exclusive Provider Organization (EPO)/Deductible EPO (DEPO) Commercial Self-Funded Plans Formulary (Health Plan)(CA),Kaiser Permanente,Large Group Plans,None,CHIR_IDrecP00FPgbqOFBMu6-191371-CAExclusive Provi,,
"Flexible Choice, 2TPOS OON Tier and Out-of-Area PPO Formulary (Health Plan) (D.C., MD, VA)",Kaiser Permanente,Large Group Plans,Just One,CHIR_IDrec225WSeEtphcJQk-290091-DCFlexible Choice,,
HMO Formulary (Commercial) (GA),Kaiser Permanente,Unclear,Just One,CHIR_IDrecOZdTybbOgEG5fI-149934-GAHMO Formulary (,,
Kaiser Permanente Georgia Choice Benefit Formulary (PPO),Kaiser Permanente,Unclear,None,CHIR_IDrec0MsUUM3Nuw9uBN-290245-GAKaiser Permanen,,
Kaiser Permanente Insurance Company (KPIC) POS/PPO Plans Covered Drug List (CO),Kaiser Permanente,Unclear,Eight - Nine,CHIR_IDrec7rvu9bfo7wD69K-149916-COKaiser Permanen,,
KPIC Point-of-Service (POS) Drug Formulary (Health Plan) (CA),Kaiser Permanente,Unclear,Eight - Nine,CHIR_IDrecnByfqX6jl55JzG-196782-CAKPIC Point-of-S,,
KPIC POS Drug Formulary with Specialty Drug Tier (Health Plan) (CA),Kaiser Permanente,Unclear,Eight - Nine,CHIR_IDrecNMutqfOgm8IPgy-187210-CAKPIC POS Drug F,,
KPIC PPO & OOA with Specialty Drug Tier Formulary 5-Tier (Health Plan) (CA),Kaiser Permanente,Unclear,Ten or More,CHIR_IDrec4w5Wh3qSXknayd-217858-CAKPIC PPO & OOA ,,
KPIC PPO and OOA Indemnity Drug Formulary (Health Plan) (CA),Kaiser Permanente,Unclear,Ten or More,CHIR_IDrecXrRDbDFQdVUhRH-188578-CAKPIC PPO and OO,,
Large Employer Group Drug Formulary with Additional Specialty Tier (2-Tier) (Health Plan) (WA),Kaiser Permanente,Large Group Plans,Four - Five,CHIR_IDrec4ZTU0lc6Lr3Nor-188573-WALarge Employer ,,
Large Group Alliance/Core 2-Tier Drug Formulary (Health Plan) (WA),Kaiser Permanente,Large Group Plans,Four - Five,CHIR_IDrechFlMnx1V49gBin-138660-WALarge Group All,,
Marketplace Formulary (Commercial) (OR),Kaiser Permanente,Unclear,None,CHIR_IDrecbkwrMwOqsqiMsm-137645-ORMarketplace For,,
Marketplace Formulary (Commercial) (WA),Kaiser Permanente,Unclear,None,CHIR_IDrec5KejXXbPSAUPPy-149898-WAMarketplace For,,
Mid/Large Group 4-Tier Benefit Formulary (Commercial) (GA),Kaiser Permanente,Large Group Plans,None,CHIR_IDrec29QelpJxN4jr14-153145-GAMid/Large Group,,
"Northwest Commercial Formulary (OR, WA)",Kaiser Permanente,Unclear,None,CHIR_IDrec9A89Q8U5Wx6qqg-149900-ORNorthwest Comme,,
"Northwest Self-Funded Formulary (OR, WA Health Plan)",Kaiser Permanente,Individual,None,CHIR_IDrecL9r5ATpLaWSLrF-310310-ORNorthwest Self-,,
"Northwest Specialty Drug List (OR, WA)",Kaiser Permanente,Unclear,None,CHIR_IDrecXW650hJM8RPrhN-149904-ORNorthwest Speci,,
PEBB SoundChoice/PEBB Value/Summit PPO 5-Tier Drug Formulary (Health Plan) (WA),Kaiser Permanente,Unclear,None,CHIR_IDrecVhAbrYzRv2p7DA-138661-WAPEBB SoundChoic,,
Premium Standard Formulary (CO Health Plan),Kaiser Permanente,"Individual and Family Plans,Small Group Plans",Four - Five,CHIR_IDrec2nIDCubGNKdP67-316878-COPremium Standar,,
"Premium Standard Formulary (MD, VA, D.C.)",Kaiser Permanente,"Individual and Family Plans,Small Group Plans",Four - Five,CHIR_IDrecPLEqYpPL7k0nDT-372985-DCPremium Standar,,
4-Tier Oscar Individual Plan Formulary (AZ Health Plan),Oscar Health Insurance,Individual,Two - Three,CHIR_IDrecUf7qatosiD09ht-342761-AZ4-Tier Oscar In,,
4-Tier Oscar Individual Plan Formulary (FL Health Plan),Oscar Health Insurance,Individual,Two - Three,CHIR_IDrecOT2KASM9Cwo4Zz-342762-FL4-Tier Oscar In,,
4-Tier Oscar Individual Plan Formulary (GA Health Plan),Oscar Health Insurance,Individual,Two - Three,CHIR_IDrecLUMCzwgJshOpMt-342763-GA4-Tier Oscar In,,
4-Tier Oscar Individual Plan Formulary (IA Health Plan),Oscar Health Insurance,Individual,Two - Three,CHIR_IDrecStELh0Fs1ogRD0-342765-IA4-Tier Oscar In,,
4-Tier Oscar Individual Plan Formulary (IL Health Plan),Oscar Health Insurance,Individual,Two - Three,CHIR_IDrecksKr4Nx1H8i47y-342764-IL4-Tier Oscar In,,
4-Tier Oscar Individual Plan Formulary (KS Health Plan),Oscar Health Insurance,Individual,Two - Three,CHIR_IDrec7QhTfpbbw1f5nR-342766-KS4-Tier Oscar In,,
4-Tier Oscar Individual Plan Formulary (MI Health Plan),Oscar Health Insurance,Individual,Two - Three,CHIR_IDrecAd3OdR4mMJTLU0-342767-MI4-Tier Oscar In,,
4-Tier Oscar Individual Plan Formulary (MO Health Plan),Oscar Health Insurance,Individual,Two - Three,CHIR_IDrec6u4FaUfgr4OFhq-342769-MO4-Tier Oscar In,,
4-Tier Oscar Individual Plan Formulary (NC Health Plan),Oscar Health Insurance,Individual,Two - Three,CHIR_IDrecB9zAxpvBBHSCO6-342752-NC4-Tier Oscar In,,
4-Tier Oscar Individual Plan Formulary (NE Health Plan),Oscar Health Insurance,Individual,Two - Three,CHIR_IDrecxVqNNL7jcmHCAi-342770-NE4-Tier Oscar In,,
4-Tier Oscar Individual Plan Formulary (OH Health Plan),Oscar Health Insurance,Individual,Two - Three,CHIR_IDrecg8So6JxySMQsU3-342753-OH4-Tier Oscar In,,
4-Tier Oscar Individual Plan Formulary (OK Health Plan),Oscar Health Insurance,Individual,Two - Three,CHIR_IDrecaju1ktWVH8fftf-342755-OK4-Tier Oscar In,,
4-Tier Oscar Individual Plan Formulary (PA Health Plan),Oscar Health Insurance,Individual,Two - Three,CHIR_IDrec2lphwg6nqLNgyE-342756-PA4-Tier Oscar In,,
4-Tier Oscar Individual Plan Formulary (TN Health Plan),Oscar Health Insurance,Individual,Two - Three,CHIR_IDrecwtcgXf57mXdJZ2-342758-TN4-Tier Oscar In,,
4-Tier Oscar Individual Plan Formulary (TX Health Plan),Oscar Health Insurance,Individual,Two - Three,CHIR_IDrecqhxZo50K974Hx7-342759-TX4-Tier Oscar In,,
4-Tier Oscar Individual Plan Formulary (VA Health Plan),Oscar Health Insurance,Individual,Two - Three,CHIR_IDrecdTylUmulVc8CNT-342760-VA4-Tier Oscar In,,
6-Tier Oscar Individual and Family Plan Formulary (OH Health Plan),Oscar Health Insurance,Individual,Two - Three,CHIR_IDrecIwiLLuw3vqpm7t-264055-OH6-Tier Oscar In,,
6-Tier Oscar Individual Plan Formulary (AZ Health Plan),Oscar Health Insurance,Individual,Two - Three,CHIR_IDrecXpk2g3HVChqy0X-301798-AZ6-Tier Oscar In,,
6-Tier Oscar Individual Plan Formulary (FL Health Plan),Oscar Health Insurance,Individual,Two - Three,CHIR_IDrecGf9SBO2d8vpVMk-301807-FL6-Tier Oscar In,,
6-Tier Oscar Individual Plan Formulary (GA Health Plan),Oscar Health Insurance,Individual,Two - Three,CHIR_IDrec0oFUFrGvZNCAaO-301921-GA6-Tier Oscar In,,
6-Tier Oscar Individual Plan Formulary (IA Health Plan),Oscar Health Insurance,Individual,Two - Three,CHIR_IDrec2x9yNPgi42U3Kr-301927-IA6-Tier Oscar In,,
6-Tier Oscar Individual Plan Formulary (IL Health Plan),Oscar Health Insurance,Individual,Two - Three,CHIR_IDrecTxLw8MUX4oaEpU-301924-IL6-Tier Oscar In,,
6-Tier Oscar Individual Plan Formulary (KS Health Plan),Oscar Health Insurance,Individual,Two - Three,CHIR_IDrec3Wyv6mfHmcEUzT-301929-KS6-Tier Oscar In,,
6-Tier Oscar Individual Plan Formulary (MI Health Plan),Oscar Health Insurance,Individual,Two - Three,CHIR_IDrecpYwLjqYlCOprPQ-301932-MI6-Tier Oscar In,,
6-Tier Oscar Individual Plan Formulary (MO Health Plan),Oscar Health Insurance,Individual,Two - Three,CHIR_IDrecbQPM1sHJHkMZmv-301934-MO6-Tier Oscar In,,
6-Tier Oscar Individual Plan Formulary (NC Health Plan),Oscar Health Insurance,Individual,Two - Three,CHIR_IDrecaH05Js9qNxlBs9-302183-NC6-Tier Oscar In,,
6-Tier Oscar Individual Plan Formulary (NE Health Plan),Oscar Health Insurance,Individual,Two - Three,CHIR_IDrecFWCUZNM8oSRxf1-301936-NE6-Tier Oscar In,,
6-Tier Oscar Individual Plan Formulary (OK Health Plan),Oscar Health Insurance,Individual,Two - Three,CHIR_IDrecck94yHr9dEyC82-302184-OK6-Tier Oscar In,,
6-Tier Oscar Individual Plan Formulary (PA Health Plan),Oscar Health Insurance,Individual,Two - Three,CHIR_IDrecCkktpNvhru5LJg-302185-PA6-Tier Oscar In,,
6-Tier Oscar Individual Plan Formulary (TN Health Plan),Oscar Health Insurance,Individual,Two - Three,CHIR_IDrec5NobvDYhZDMrHg-302186-TN6-Tier Oscar In,,
6-Tier Oscar Individual Plan Formulary (TX Health Plan),Oscar Health Insurance,Individual,Two - Three,CHIR_IDrec2OCzHXUx1MNPjR-302187-TX6-Tier Oscar In,,
6-Tier Oscar Individual Plan Formulary (VA Health Plan),Oscar Health Insurance,Individual,Two - Three,CHIR_IDrech05bMGBDcDAVbV-302188-VA6-Tier Oscar In,,
Oscar and Cigna Express Scripts High Performance Formulary (AZ Health Plan),Oscar Health Insurance,Individual,Six - Seven,CHIR_IDrecOSvJtFPS7PWjTa-301799-AZOscar and Cigna,,
Oscar and Cigna Express Scripts High Performance Formulary (CA Health Plan),Oscar Health Insurance,Individual,Six - Seven,CHIR_IDrec27GrZlCs1r9TUr-301803-CAOscar and Cigna,,
Oscar and Cigna Express Scripts High Performance Formulary (CT Health Plan),Oscar Health Insurance,Individual,Six - Seven,CHIR_IDrecvbrum9fu5Wgp9R-301806-CTOscar and Cigna,,
Oscar and Cigna Express Scripts High Performance Formulary (GA Health Plan),Oscar Health Insurance,Individual,Six - Seven,CHIR_IDrecElwtCCxD58CRQr-301923-GAOscar and Cigna,,
Oscar and Cigna Express Scripts High Performance Formulary (KS Health Plan),Oscar Health Insurance,Individual,Six - Seven,CHIR_IDrecjUtVkwdy7Xr3aW-301931-KSOscar and Cigna,,
Oscar and Cigna Express Scripts High Performance Formulary (MO Health Plan),Oscar Health Insurance,Individual,Six - Seven,CHIR_IDrecGAHLPDzUGWrJ5l-301935-MOOscar and Cigna,,
Oscar and Cigna Express Scripts High Performance Formulary (PA Health Plan),Oscar Health Insurance,Individual,Six - Seven,CHIR_IDrecIYkYuDLeGH0CYF-309486-PAOscar and Cigna,,
Oscar and Cigna Express Scripts High Performance Formulary (TN Health Plan),Oscar Health Insurance,Individual,Six - Seven,CHIR_IDrecorv3DDadaoMI3M-302189-TNOscar and Cigna,,
Oscar and Cigna Express Scripts High Performance Infertility Formulary (CA Health Plan),Oscar Health Insurance,Individual,Six - Seven,CHIR_IDrecE1A4Ark3UqiArY-301804-CAOscar and Cigna,,
Oscar Business & Individual and Small Group Plan Formulary (NY Health Plan),Oscar Health Insurance,"Individual,Small Group",Two - Three,CHIR_IDrecPyjcLjOYgxZSeI-302181-NYOscar Business ,,
Oscar For Business No Family Planning (NY Health Plan),Oscar Health Insurance,Individual,Two - Three,CHIR_IDrec78JbgzJp7SpZKW-302182-NYOscar For Busin,,
Oscar Individual and Small Group Plan Formulary (NJ Health Plan),Oscar Health Insurance,"Individual,Small Group",Two - Three,CHIR_IDrecdmtMY4Mxw3TuOr-301937-NJOscar Individua,,
2025 Surest Advantage 3-Tier Prescription Drug List,United Healthcare,"Small Group,Large Group",Six - Seven,CHIR_IDrec0C0Rk84nc7DLHB-361532-CA2025 Surest Adv,,
Access 3-Tier Prescription Drug List (Health Plan),United Healthcare,"Small Group,Large Group",Six - Seven,CHIR_IDrecPBXFEdyXlJ3bKT-229114-AKAccess 3-Tier P,,
Access 4-Tier Prescription Drug List (Health Plan),United Healthcare,"Small Group,Large Group",Eight - Nine,CHIR_IDrecpCcBOfuoorRU40-229117-AKAccess 4-Tier P,,
Alabama Individual and Family Plans Prescription Drug List (Health Plan),United Healthcare,Individual,Four - Five,CHIR_IDrec8W4DV2YP3FaiEY-312692-ALAlabama Individ,,
Arizona Individual & Family Plans Prescription Drug List (Health Plan),United Healthcare,Individual,Four - Five,CHIR_IDrecvEhdfBTfvpN6I8-312694-AZArizona Individ,,
California Access Large Group 3-Tier HMO and PPO Prescription Drug List (Health Plan),United Healthcare,Large Group,Eight - Nine,CHIR_IDrecW6OGt16cx9nz7e-267551-CACalifornia Acce,,
California Access Large Group 3-Tier PPO Prescription Drug List (Health Plan),United Healthcare,Large Group,Eight - Nine,CHIR_IDrecMoXIwPwmiBNsUa-227753-CACalifornia Acce,,
California Access Large Group 4-Tier HMO and PPO Prescription Drug List (Health Plan),United Healthcare,Large Group,Eight - Nine,CHIR_IDrecMv3O9c0q911gKP-267552-CACalifornia Acce,,
California Access Large Group 4-Tier PPO Prescription Drug List (Health Plan),United Healthcare,Large Group,Eight - Nine,CHIR_IDrec29Fi3ZLrvFx8Gu-227755-CACalifornia Acce,,
California Advantage Large Group 3-Tier HMO and PPO Prescription Drug List (Health Plan),United Healthcare,Large Group,Eight - Nine,CHIR_IDrech72VW0dP8F2gfV-269770-CACalifornia Adva,,
California Advantage Large Group 3-Tier PPO Prescription Drug List (Health Plan),United Healthcare,Large Group,Eight - Nine,CHIR_IDrec5RYmCxLrtTl1gV-173031-CACalifornia Adva,,
California Advantage Large Group 4-Tier HMO and PPO Prescription Drug List (Health Plan),United Healthcare,Large Group,Eight - Nine,CHIR_IDrecuEaOn75poIHbWa-269771-CACalifornia Adva,,
California Advantage Large Group 4-Tier PPO Prescription Drug List (Health Plan),United Healthcare,Large Group,Eight - Nine,CHIR_IDrecxS0QXaszZLmsJ5-173032-CACalifornia Adva,,
California Large Group 4-Tier Essential HMO and PPO Prescription Drug List (Health Plan),United Healthcare,Large Group,Eight - Nine,CHIR_IDrecxpfyB748fnOumn-267553-CACalifornia Larg,,
California Small Group 4-Tier HMO and PPO Prescription Drug List (Health Plan),United Healthcare,Small Group,Eight - Nine,CHIR_IDrec2NEXwneyFj4Q5A-269769-CACalifornia Smal,,
California Small Group 4-Tier PPO Prescription Drug List (Health Plan),United Healthcare,Small Group,Eight - Nine,CHIR_IDrecJNdJKgv9IWYs3d-151908-CACalifornia Smal,,
Connecticut Access 3 Tier Prescription Drug List (Health Plan),United Healthcare,"Small Group,Large Group",Six - Seven,CHIR_IDrecMcxYMYHBOrJ0Yk-229148-CTConnecticut Acc,,
Connecticut Advantage 3 Tier Prescription Drug List (Health Plan),United Healthcare,"Small Group,Large Group",Six - Seven,CHIR_IDrecHUCFpBnc0Xgkpp-229145-CTConnecticut Adv,,
Connecticut Advantage 4 Tier Prescription Drug List (Health Plan),United Healthcare,"Small Group,Large Group",Six - Seven,CHIR_IDrecqEdGQEycz1eb0o-229147-CTConnecticut Adv,,
Connecticut Traditional 3 Tier Prescription Drug List (Health Plan),United Healthcare,"Small Group,Large Group",Six - Seven,CHIR_IDrecOlLecBBg1zJ4YG-229146-CTConnecticut Tra,,
Core Plus Preventive Drug List (Health Plan),United Healthcare,Unclear,Just One,CHIR_IDrecrXDC46nQMGOeCw-289031-AKCore Plus Preve,,
Essential 4-Tier Prescription Drug List (Health Plan),United Healthcare,"Small Group,Large Group",Eight - Nine,CHIR_IDrecTs7lLweXRy6EOs-153163-AKEssential 4-Tie,,
Expanded Preventive Drug List (Health Plan),United Healthcare,"Individual,Small Group,Large Group",Just One,CHIR_IDrecrt1rXL8Jx0ZMsr-289032-AKExpanded Preven,,
Federal Guided Preventive Drug List (Health Plan),United Healthcare,"Individual,Small Group,Large Group",Just One,CHIR_IDrec5woywck7ekxIed-289033-AKFederal Guided ,,
Florida Individual and Family Plans Prescription Drug List (Health Plan),United Healthcare,Individual,Four - Five,CHIR_IDreccyWNrBQqCms0Pz-312697-FLFlorida Individ,,
Georgia Individual and Family Plans Prescription Drug List (Health Plan),United Healthcare,Individual,Four - Five,CHIR_IDrecSsWcZAatidaW6j-312699-GAGeorgia Individ,,
Illinois Essential Plus Prescription Drug List (Health Plan),United Healthcare,Unclear,Four - Five,CHIR_IDrecxzDS6SDZacuwiK-312704-ILIllinois Essent,,
Illinois Individual and Family Plans Prescription Drug List (Health Plan),United Healthcare,Individual,Four - Five,CHIR_IDrecSlGmPC2N8QVJOG-312703-ILIllinois Indivi,,
Indiana Prescription Drug List (Health Plan),United Healthcare,Unclear,Four - Five,CHIR_IDrec9NQl5xGDHs0pSY-359377-INIndiana Prescri,,
Individual and Family Plans Diabetic Supply List (Health Plan),United Healthcare,Individual and Family Plans,Six - Seven,CHIR_IDrecucZNkBkZCgYUFJ-359363-ALIndividual and ,,
Iowa Prescription Drug List (Health Plan),United Healthcare,Unclear,Four - Five,CHIR_IDrecg6ToI2JzxCj7LP-359381-IAIowa Prescripti,,
Kansas Individual and Family Plans Prescription Drug List (Health Plan),United Healthcare,Individual,Four - Five,CHIR_IDrecH05mjmI3hLaYLs-312706-KSKansas Individu,,
Louisiana Advantage 3-Tier Prescription Drug List (Health Plan),United Healthcare,"Small Group,Large Group",Eight - Nine,CHIR_IDrecgukDkKdbyVLLB7-229134-LALouisiana Advan,,
Louisiana Essential 4-Tier Drug List (Health Plan),United Healthcare,"Small Group,Large Group",Eight - Nine,CHIR_IDrecykgzra7JE2sL7o-267554-LALouisiana Essen,,
Louisiana Individual and Family Plans Prescription Drug List (Health Plan),United Healthcare,Individual,Four - Five,CHIR_IDrec8XSHiCRQthI5a8-312709-LALouisiana Indiv,,
Maryland Individual and Family Plans Prescription Drug List (Health Plan),United Healthcare,Individual,Four - Five,CHIR_IDrecio5DHHGeq7gKbv-312711-MDMaryland Indivi,,
Michigan Individual & Family Plans Prescription Drug List (Health Plan),United Healthcare,Individual,Four - Five,CHIR_IDrecNd9sXw85fybCRL-312713-MIMichigan Indivi,,
Mississippi Individual & Family Plans Prescription Drug List (Health Plan),United Healthcare,Individual,Four - Five,CHIR_IDrechPabcCneSitZdv-312715-MSMississippi Ind,,
Missouri Individual & Family Plans Prescription Drug List (Health Plan),United Healthcare,Individual,Four - Five,CHIR_IDrec4EwSge9ROzuhSB-312717-MOMissouri Indivi,,
Nebraska Prescription Drug List (Health Plan),United Healthcare,Unclear,Four - Five,CHIR_IDrecHNVomQT8wkozJk-359382-NENebraska Prescr,,
New Jersey Essential Plus Prescription Drug List (Health Plan),United Healthcare,Unclear,Four - Five,CHIR_IDrecUSRkewczmWLSy1-336230-NJNew Jersey Esse,,
New Mexico Access Large Group 3-Tier Prescription Drug List (Health Plan),United Healthcare,"Small Group,Large Group",Eight - Nine,CHIR_IDrec5VTv2yXWbVosEN-287365-NMNew Mexico Acce,,
New Mexico Access Large Group 4-Tier Prescription Drug List (Health Plan),United Healthcare,"Small Group,Large Group",Eight - Nine,CHIR_IDrechWhLNq0KcHdVDT-287366-NMNew Mexico Acce,,
New Mexico Advantage Large Group 3-Tier Prescription Drug List (Health Plan),United Healthcare,"Small Group,Large Group",Eight - Nine,CHIR_IDrecPdRw84rrnkmbty-287363-NMNew Mexico Adva,,
New Mexico Advantage Large Group 4-Tier Prescription Drug List (Health Plan),United Healthcare,"Small Group,Large Group",Eight - Nine,CHIR_IDrecLD7amneYLQvyjB-287364-NMNew Mexico Adva,,
New Mexico Essential Large Group 4-Tier Prescription Drug List (Health Plan),United Healthcare,Large Group,Eight - Nine,CHIR_IDrecQzzcRla6TEH3VF-287367-NMNew Mexico Esse,,
New Mexico Essential Plus Prescription Drug List (Health Plan),United Healthcare,Unclear,Two - Three,CHIR_IDrec8yFb6FSYOt8MA1-336229-NMNew Mexico Esse,,
New Mexico Essential Small Group 4-Tier Prescription Drug List (Health Plan),United Healthcare,Small Group,Eight - Nine,CHIR_IDrecx8OQSr9C6Auoo7-289024-NMNew Mexico Esse,,
North Carolina Individual & Family Plans Prescription Drug List (Health Plan),United Healthcare,Individual,Four - Five,CHIR_IDrecwvP1HxE3IDl5zJ-312719-NCNorth Carolina ,,
Ohio Individual & Family Plans Prescription Drug List (Health Plan),United Healthcare,Individual,Four - Five,CHIR_IDrecwrLsCSCnl03lHI-312722-OHOhio Individual,,
Oklahoma Individual & Family Plans Prescription Drug List (Health Plan),United Healthcare,Individual,Four - Five,CHIR_IDrec7BaReQnQk3qxSS-312724-OKOklahoma Indivi,,
Pharmacy Benefit Supply Limits per Copay (Health Plan),United Healthcare,Unclear,None,CHIR_IDrecYelvQBaArOJZOo-289023-AKPharmacy Benefi,,
Pharmacy Benefit Supply Limits Per Duration (Health Plan),United Healthcare,Unclear,Eight - Nine,CHIR_IDrecKF3V8AZuQdoIPP-154928-AKPharmacy Benefi,,
South Carolina Individual & Family Plans Prescription Drug List (Health Plan),United Healthcare,Individual,Four - Five,CHIR_IDrecKpxmFrfHCNWe4Y-336232-SCSouth Carolina ,,
Tennessee Individual & Family Plans Prescription Drug List (Health Plan),United Healthcare,Individual,Four - Five,CHIR_IDrecL5UtIq1nsV1wDE-312725-TNTennessee Indiv,,
Texas Advantage 3-Tier Prescription Drug List (Health Plan),United Healthcare,"Small Group,Large Group",Eight - Nine,CHIR_IDreceUVElnf7Nsi91T-151347-TXTexas Advantage,,
Texas Essential 4-Tier Drug List (Health Plan),United Healthcare,"Small Group,Large Group",Eight - Nine,CHIR_IDreccczwXcarnX9z3T-267555-TXTexas Essential,,
Texas Individual and Family Plans Prescription Drug List (Health Plan),United Healthcare,Individual,Four - Five,CHIR_IDrecMliLIMYl7CeMVO-312728-TXTexas Individua,,
United Healthcare Advantage 3-Tier Prescription Drug List (Health Plan),United Healthcare,"Small Group,Large Group",Eight - Nine,CHIR_IDrecOfsIoR4PwWMAQ8-137632-AKUnited Healthca,,
United Healthcare Advantage 4-Tier Prescription Drug List (Health Plan),United Healthcare,"Small Group,Large Group",Eight - Nine,CHIR_IDrecIS7whWQ8iq2JH0-137652-AKUnited Healthca,,
United Healthcare Pharmacy Benefit Programs Drug List (Health Plan),United Healthcare,Unclear,None,,,
United Healthcare Prescription Drug List (Health Plan),United Healthcare,"Individual,Small Group,Large Group",Eight - Nine,CHIR_IDreca2lnlupkzA6Xmz-137631-AKUnited Healthca,,
UnitedHealthcare Traditional 3-Tier Prescription Drug List (Health Plan),United Healthcare,"Small Group,Large Group",Eight - Nine,CHIR_IDrecdFcsBCD8yKC1Px-137654-AKUnitedHealthcar,,
UnitedHealthcare Traditional 4-Tier Prescription Drug List (Health Plan),United Healthcare,"Small Group,Large Group",Eight - Nine,CHIR_IDrecwwOdnkygdVvZN4-137653-AKUnitedHealthcar,,
Virginia Individual & Family Plans Prescription Drug List (Health Plan),United Healthcare,Individual,Four - Five,CHIR_IDrecgY4zH9vr4lGhNR-312730-VAVirginia Indivi,,
Washington Individual & Family Plans Prescription Drug List (Health Plan),United Healthcare,Individual,Four - Five,CHIR_IDrec83ZezUgTosc1SG-312731-WAWashington Indi,,
Wisconsin Individual and Family Plans Prescription Drug List (Health Plan),United Healthcare,Individual,Four - Five,CHIR_IDrecAO4neLd050qPF5-339769-WIWisconsin Indiv,,
Wyoming Prescription Drug List (Health Plan),United Healthcare,Individual,Four - Five,CHIR_IDrecpOz7E965U0Xae1-359385-WYWyoming Prescri,,