Line of Business,New Market Segment(s),Payer,Payer (Detailed),States,Covered Lives
Commercial,Large Group,Aetna,Aetna,AK,"52,557"
Commercial,Self Funded/Employer Sponsored,Aetna,Aetna,AK,"132,640"
Commercial,Small Group,Aetna,Aetna,AK,"27,141"
Commercial,Self Funded/Employer Sponsored,Aetna,Aetna,AL,"46,891"
Commercial,Large Group,Aetna,Aetna,AR,"1,141"
Commercial,Self Funded/Employer Sponsored,Aetna,Aetna,AR,"58,482"
Commercial,Individual,Aetna,Banner Health | Aetna,AZ,"120,893"
Commercial,Large Group,Aetna,Aetna,AZ,"1,127"
Commercial,Large Group,Aetna,Banner Health | Aetna,AZ,"20,693"
Commercial,Self Funded/Employer Sponsored,Aetna,Aetna,AZ,"533,962"
Commercial,Self Funded/Employer Sponsored,Aetna,Banner Health | Aetna,AZ,"170,443"
Commercial,Small Group,Aetna,Aetna,AZ,398
Commercial,Small Group,Aetna,Banner Health | Aetna,AZ,"9,861"
Commercial,Large Group,Aetna,Aetna,CA,"167,830"
Commercial,Self Funded/Employer Sponsored,Aetna,Aetna,CA,"740,513"
Commercial,Small Group,Aetna,Aetna,CA,"12,806"
Commercial,Large Group,Aetna,Aetna,CO,"38,236"
Commercial,Self Funded/Employer Sponsored,Aetna,Aetna,CO,"197,468"
Commercial,Small Group,Aetna,Aetna,CO,"19,857"
Commercial,Self Funded/Employer Sponsored,Aetna,Aetna,CT,"378,144"
Commercial,Large Group,Aetna,Aetna,DC,"96,960"
Commercial,Self Funded/Employer Sponsored,Aetna,Aetna,DC,"67,059"
Commercial,Small Group,Aetna,Aetna,DC,65
Commercial,Individual,Aetna,Aetna,DE,"5,969"
Commercial,Large Group,Aetna,Aetna,DE,994
Commercial,Self Funded/Employer Sponsored,Aetna,Aetna,DE,"73,720"
Commercial,Small Group,Aetna,Aetna,DE,514
Commercial,Individual,Aetna,Aetna,FL,"601,945"
Commercial,Large Group,Aetna,Aetna,FL,"445,209"
Commercial,Self Funded/Employer Sponsored,Aetna,Aetna,FL,"857,532"
Commercial,Small Group,Aetna,Aetna,FL,"153,921"
Commercial,Individual,Aetna,Aetna,GA,"131,174"
Commercial,Large Group,Aetna,Aetna,GA,"83,339"
Commercial,Self Funded/Employer Sponsored,Aetna,Aetna,GA,"418,676"
Commercial,Small Group,Aetna,Aetna,GA,"105,877"
Commercial,Self Funded/Employer Sponsored,Aetna,Aetna,HI,"9,592"
Commercial,Self Funded/Employer Sponsored,Aetna,Aetna,IA,"55,779"
Commercial,Self Funded/Employer Sponsored,Aetna,Aetna,ID,"49,999"
Commercial,Individual,Aetna,Aetna,IL,"45,511"
Commercial,Large Group,Aetna,Aetna,IL,"62,026"
Commercial,Self Funded/Employer Sponsored,Aetna,Aetna,IL,"812,430"
Commercial,Small Group,Aetna,Aetna,IL,"26,915"
Commercial,Individual,Aetna,Aetna,IN,"6,604"
Commercial,Self Funded/Employer Sponsored,Aetna,Aetna,IN,"175,857"
Commercial,Individual,Aetna,Aetna,KS,"12,995"
Commercial,Large Group,Aetna,Aetna,KS,"1,079"
Commercial,Self Funded/Employer Sponsored,Aetna,Aetna,KS,"177,639"
Commercial,Self Funded/Employer Sponsored,Aetna,Aetna,KY,"58,362"
Commercial,Large Group,Aetna,Aetna,LA,"44,290"
Commercial,Self Funded/Employer Sponsored,Aetna,Aetna,LA,"118,854"
Commercial,Small Group,Aetna,Aetna,LA,"7,978"
Commercial,Large Group,Aetna,Aetna,MA,"34,921"
Commercial,Self Funded/Employer Sponsored,Aetna,Aetna,MA,"179,689"
Commercial,Individual,Aetna,Aetna,MD,"7,186"
Commercial,Large Group,Aetna,Aetna,MD,"65,511"
Commercial,Self Funded/Employer Sponsored,Aetna,Aetna,MD,"533,634"
Commercial,Small Group,Aetna,Aetna,MD,"40,967"
Commercial,Large Group,Aetna,Aetna,ME,"2,368"
Commercial,Self Funded/Employer Sponsored,Aetna,Aetna,ME,"130,809"
Commercial,Large Group,Aetna,Aetna,MI,"61,335"
Commercial,Self Funded/Employer Sponsored,Aetna,Aetna,MI,"268,339"
Commercial,Small Group,Aetna,Aetna,MI,"3,815"
Commercial,Large Group,Aetna,Aetna,MN,"3,121"
Commercial,Large Group,Aetna,Allina Health | Aetna,MN,"1,796"
Commercial,Self Funded/Employer Sponsored,Aetna,Aetna,MN,"83,122"
Commercial,Self Funded/Employer Sponsored,Aetna,Aetna,MO,"337,061"
Commercial,Large Group,Aetna,Aetna,MS,"16,197"
Commercial,Self Funded/Employer Sponsored,Aetna,Aetna,MS,"79,188"
Commercial,Self Funded/Employer Sponsored,Aetna,Aetna,MT,"33,876"
Commercial,Individual,Aetna,Aetna,NC,"328,604"
Commercial,Large Group,Aetna,Aetna,NC,"2,034"
Commercial,Self Funded/Employer Sponsored,Aetna,Aetna,NC,"239,473"
Commercial,Small Group,Aetna,Aetna,NC,"1,250"
Commercial,Self Funded/Employer Sponsored,Aetna,Aetna,ND,"51,518"
Commercial,Self Funded/Employer Sponsored,Aetna,Aetna,NE,"53,999"
Commercial,Large Group,Aetna,Aetna,NH,"1,756"
Commercial,Self Funded/Employer Sponsored,Aetna,Aetna,NH,"2,964"
Commercial,Small Group,Aetna,Aetna,NH,900
Commercial,Large Group,Aetna,Aetna,NJ,"65,192"
Commercial,Self Funded/Employer Sponsored,Aetna,Aetna,NJ,"961,192"
Commercial,Small Group,Aetna,Aetna,NJ,"38,071"
Commercial,Self Funded/Employer Sponsored,Aetna,Aetna,NM,"25,518"
Commercial,Individual,Aetna,Aetna,NV,"7,299"
Commercial,Large Group,Aetna,Aetna,NV,"21,180"
Commercial,Self Funded/Employer Sponsored,Aetna,Aetna,NV,"122,894"
Commercial,Small Group,Aetna,Aetna,NV,"2,034"
Commercial,Large Group,Aetna,Aetna,NY,"968,770"
Commercial,Self Funded/Employer Sponsored,Aetna,Aetna,NY,"985,870"
Commercial,Individual,Aetna,Aetna,OH,"24,147"
Commercial,Large Group,Aetna,Aetna,OH,"22,193"
Commercial,Self Funded/Employer Sponsored,Aetna,Aetna,OH,"533,018"
Commercial,Small Group,Aetna,Aetna,OH,336
Commercial,Large Group,Aetna,Aetna,OK,150
Commercial,Self Funded/Employer Sponsored,Aetna,Aetna,OK,"185,349"
Commercial,Large Group,Aetna,Aetna,OR,"50,035"
Commercial,Self Funded/Employer Sponsored,Aetna,Aetna,OR,"259,277"
Commercial,Small Group,Aetna,Aetna,OR,44
Commercial,Large Group,Aetna,Aetna,PA,"45,597"
Commercial,Self Funded/Employer Sponsored,Aetna,Aetna,PA,"876,274"
Commercial,Small Group,Aetna,Aetna,PA,"96,429"
Commercial,Self Funded/Employer Sponsored,Aetna,Aetna,RI,"19,441"
Commercial,Self Funded/Employer Sponsored,Aetna,Aetna,SC,"104,383"
Commercial,Small Group,Aetna,Aetna,SC,64
Commercial,Large Group,Aetna,Aetna,SD,"1,579"
Commercial,Self Funded/Employer Sponsored,Aetna,Aetna,SD,"14,332"
Commercial,Small Group,Aetna,Aetna,SD,"3,698"
Commercial,Self Funded/Employer Sponsored,Aetna,Aetna,TN,"244,706"
Commercial,Individual,Aetna,Aetna,TX,"254,157"
Commercial,Individual,Aetna,Texas Health | Aetna,TX,"371,720"
Commercial,Large Group,Aetna,Aetna,TX,"123,573"
Commercial,Large Group,Aetna,Texas Health | Aetna,TX,"9,481"
Commercial,Self Funded/Employer Sponsored,Aetna,Aetna,TX,"2,430,077"
Commercial,Self Funded/Employer Sponsored,Aetna,Texas Health | Aetna,TX,"15,412"
Commercial,Small Group,Aetna,Aetna,TX,"63,606"
Commercial,Small Group,Aetna,Texas Health | Aetna,TX,"3,792"
Commercial,Individual,Aetna,Aetna,UT,"85,723"
Commercial,Large Group,Aetna,Aetna,UT,"126,642"
Commercial,Self Funded/Employer Sponsored,Aetna,Aetna,UT,"161,219"
Commercial,Small Group,Aetna,Aetna,UT,"59,873"
Commercial,Individual,Aetna,Aetna,VA,"30,290"
Commercial,Large Group,Aetna,Aetna,VA,"41,412"
Commercial,Self Funded/Employer Sponsored,Aetna,Aetna,VA,"597,181"
Commercial,Small Group,Aetna,Aetna,VA,"28,146"
Commercial,Self Funded/Employer Sponsored,Aetna,Aetna,VT,"15,696"
Commercial,Large Group,Aetna,Aetna,WA,"333,394"
Commercial,Self Funded/Employer Sponsored,Aetna,Aetna,WA,"318,833"
Commercial,Small Group,Aetna,Aetna,WA,"172,304"
Commercial,Self Funded/Employer Sponsored,Aetna,Aetna,WI,"144,841"
Commercial,Self Funded/Employer Sponsored,Aetna,Aetna,WV,"91,412"
Commercial,Self Funded/Employer Sponsored,Aetna,Aetna,WY,"15,250"
Commercial,Individual,Anthem,Anthem,CA,"263,556"
Commercial,Large Group,Anthem,Anthem,CA,"1,035,330"
Commercial,Self Funded/Employer Sponsored,Anthem,Anthem,CA,"2,718,462"
Commercial,Small Group,Anthem,Anthem,CA,"573,455"
Commercial,Individual,Anthem,Anthem,CO,"91,277"
Commercial,Large Group,Anthem,Anthem,CO,"91,263"
Commercial,Self Funded/Employer Sponsored,Anthem,Anthem,CO,"818,620"
Commercial,Small Group,Anthem,Anthem,CO,"27,901"
Commercial,Individual,Anthem,Anthem,CT,"70,638"
Commercial,Large Group,Anthem,Anthem,CT,"37,792"
Commercial,Self Funded/Employer Sponsored,Anthem,Anthem,CT,"953,031"
Commercial,Small Group,Anthem,Anthem,CT,"50,692"
Commercial,Individual,Anthem,Anthem,GA,"61,740"
Commercial,Large Group,Anthem,Anthem,GA,"120,431"
Commercial,Self Funded/Employer Sponsored,Anthem,Anthem,GA,"1,403,991"
Commercial,Small Group,Anthem,Anthem,GA,"98,652"
Commercial,Individual,Anthem,Anthem,IN,"103,108"
Commercial,Large Group,Anthem,Anthem,IN,"132,292"
Commercial,Self Funded/Employer Sponsored,Anthem,Anthem,IN,"5,206,433"
Commercial,Small Group,Anthem,Anthem,IN,"57,018"
Commercial,Individual,Anthem,Anthem,KY,"53,251"
Commercial,Large Group,Anthem,Anthem,KY,"146,384"
Commercial,Self Funded/Employer Sponsored,Anthem,Anthem,KY,"310,543"
Commercial,Small Group,Anthem,Anthem,KY,"80,110"
Commercial,Individual,Anthem,Anthem,LA,"21,442"
Commercial,Large Group,Anthem,Anthem,MA,"20,930"
Commercial,Self Funded/Employer Sponsored,Anthem,Anthem,MA,"314,997"
Commercial,Small Group,Anthem,Anthem,MA,"3,955"
Commercial,Individual,Anthem,Anthem,ME,"28,854"
Commercial,Large Group,Anthem,Anthem,ME,"80,530"
Commercial,Self Funded/Employer Sponsored,Anthem,Anthem,ME,"467,650"
Commercial,Small Group,Anthem,Anthem,ME,"11,703"
Commercial,Individual,Anthem,Anthem,MO,"136,849"
Commercial,Large Group,Anthem,Anthem,MO,"100,191"
Commercial,Self Funded/Employer Sponsored,Anthem,Anthem,MO,"447,625"
Commercial,Small Group,Anthem,Anthem,MO,"57,891"
Commercial,Individual,Anthem,Anthem,NH,"55,431"
Commercial,Large Group,Anthem,Anthem,NH,"82,903"
Commercial,Self Funded/Employer Sponsored,Anthem,Anthem,NH,"113,527"
Commercial,Small Group,Anthem,Anthem,NH,"1,580"
Commercial,Individual,Anthem,Anthem,NV,"20,680"
Commercial,Large Group,Anthem,Anthem,NV,"44,674"
Commercial,Self Funded/Employer Sponsored,Anthem,Anthem,NV,"21,319"
Commercial,Small Group,Anthem,Anthem,NV,"21,032"
Commercial,Large Group,Anthem,Anthem,NY,"209,984"
Commercial,Self Funded/Employer Sponsored,Anthem,Anthem,NY,"1,330,036"
Commercial,Small Group,Anthem,Anthem,NY,"6,427"
Commercial,Individual,Anthem,Anthem,OH,"103,621"
Commercial,Large Group,Anthem,Anthem,OH,"63,851"
Commercial,Self Funded/Employer Sponsored,Anthem,Anthem,OH,"2,726,725"
Commercial,Small Group,Anthem,Anthem,OH,"220,799"
Commercial,Large Group,Anthem,Anthem,OR,152
Commercial,Self Funded/Employer Sponsored,Anthem,Anthem,OR,"10,703"
Commercial,Individual,Anthem,Anthem,VA,"178,928"
Commercial,Large Group,Anthem,Anthem,VA,"190,516"
Commercial,Self Funded/Employer Sponsored,Anthem,Anthem,VA,"3,067,310"
Commercial,Small Group,Anthem,Anthem,VA,"61,965"
Commercial,Individual,Anthem,Anthem,WI,"76,278"
Commercial,Large Group,Anthem,Anthem,WI,"48,186"
Commercial,Self Funded/Employer Sponsored,Anthem,Anthem,WI,"618,623"
Commercial,Small Group,Anthem,Anthem,WI,"54,794"
Commercial,Individual,Blue Shield California,Blue Shield California,CA,"702,999"
Commercial,Large Group,Blue Shield California,Blue Shield California,CA,"909,568"
Commercial,Self Funded/Employer Sponsored,Blue Shield California,Blue Shield California,CA,"1,219,824"
Commercial,Small Group,Blue Shield California,Blue Shield California,CA,"399,545"
Commercial,Self Funded/Employer Sponsored,Cigna,Cigna,AK,"16,398"
Commercial,Self Funded/Employer Sponsored,Cigna,Cigna,AL,"102,118"
Commercial,Self Funded/Employer Sponsored,Cigna,Cigna,AR,"97,360"
Commercial,Individual,Cigna,Cigna,AZ,"20,712"
Commercial,Large Group,Cigna,Cigna,AZ,"40,155"
Commercial,Self Funded/Employer Sponsored,Cigna,Cigna,AZ,"352,125"
Commercial,Large Group,Cigna,Cigna,CA,"107,238"
Commercial,Self Funded/Employer Sponsored,Cigna,Cigna,CA,"887,262"
Commercial,Individual,Cigna,Cigna,CO,"18,608"
Commercial,Large Group,Cigna,Cigna,CO,"39,794"
Commercial,Self Funded/Employer Sponsored,Cigna,Cigna,CO,"563,495"
Commercial,Large Group,Cigna,Cigna,CT,"45,158"
Commercial,Self Funded/Employer Sponsored,Cigna,Cigna,CT,"352,200"
Commercial,Large Group,Cigna,Cigna,DC,"32,160"
Commercial,Self Funded/Employer Sponsored,Cigna,Cigna,DC,"35,242"
Commercial,Large Group,Cigna,Cigna,DE,"161,762"
Commercial,Self Funded/Employer Sponsored,Cigna,Cigna,DE,"46,945"
Commercial,Individual,Cigna,Cigna,FL,"48,332"
Commercial,Large Group,Cigna,Cigna,FL,"91,368"
Commercial,Self Funded/Employer Sponsored,Cigna,Cigna,FL,"1,174,017"
Commercial,Individual,Cigna,Cigna,GA,"22,043"
Commercial,Large Group,Cigna,Cigna,GA,"45,952"
Commercial,Self Funded/Employer Sponsored,Cigna,Cigna,GA,"586,917"
Commercial,Self Funded/Employer Sponsored,Cigna,Cigna,HI,"58,701"
Commercial,Self Funded/Employer Sponsored,Cigna,Cigna,IA,"93,971"
Commercial,Self Funded/Employer Sponsored,Cigna,Cigna,ID,"53,996"
Commercial,Individual,Cigna,Cigna,IL,"43,529"
Commercial,Large Group,Cigna,Cigna,IL,"7,849"
Commercial,Self Funded/Employer Sponsored,Cigna,Cigna,IL,"58,461"
Commercial,Large Group,Cigna,Cigna,IN,"4,416"
Commercial,Self Funded/Employer Sponsored,Cigna,Cigna,IN,"35,231"
Commercial,Individual,Cigna,Cigna,KS,942
Commercial,Large Group,Cigna,Cigna,KS,"2,657"
Commercial,Self Funded/Employer Sponsored,Cigna,Cigna,KS,"117,329"
Commercial,Self Funded/Employer Sponsored,Cigna,Cigna,KY,"98,615"
Commercial,Self Funded/Employer Sponsored,Cigna,Cigna,LA,"169,052"
Commercial,Large Group,Cigna,Cigna,MA,"52,602"
Commercial,Self Funded/Employer Sponsored,Cigna,Cigna,MA,"162,899"
Commercial,Small Group,Cigna,Cigna,MA,"2,595"
Commercial,Large Group,Cigna,Cigna,MD,"31,882"
Commercial,Self Funded/Employer Sponsored,Cigna,Cigna,MD,"504,687"
Commercial,Large Group,Cigna,Cigna,ME,"7,628"
Commercial,Self Funded/Employer Sponsored,Cigna,Cigna,ME,"86,883"
Commercial,Large Group,Cigna,Cigna,MI,"2,487"
Commercial,Self Funded/Employer Sponsored,Cigna,Cigna,MI,"140,900"
Commercial,Self Funded/Employer Sponsored,Cigna,Cigna,MN,"164,430"
Commercial,Individual,Cigna,Cigna,MO,"36,857"
Commercial,Large Group,Cigna,Cigna,MO,"7,269"
Commercial,Self Funded/Employer Sponsored,Cigna,Cigna,MO,"352,186"
Commercial,Self Funded/Employer Sponsored,Cigna,Cigna,MS,"111,488"
Commercial,Large Group,Cigna,Cigna,MT,"6,937"
Commercial,Self Funded/Employer Sponsored,Cigna,Cigna,MT,"117,331"
Commercial,Individual,Cigna,Cigna,NC,"70,330"
Commercial,Large Group,Cigna,Cigna,NC,"15,513"
Commercial,Self Funded/Employer Sponsored,Cigna,Cigna,NC,"528,229"
Commercial,Self Funded/Employer Sponsored,Cigna,Cigna,ND,"11,641"
Commercial,Self Funded/Employer Sponsored,Cigna,Cigna,NE,"41,103"
Commercial,Large Group,Cigna,Cigna,NH,"10,673"
Commercial,Self Funded/Employer Sponsored,Cigna,Cigna,NH,"112,604"
Commercial,Large Group,Cigna,Cigna,NJ,"65,316"
Commercial,Self Funded/Employer Sponsored,Cigna,Cigna,NJ,"1,231,753"
Commercial,Self Funded/Employer Sponsored,Cigna,Cigna,NM,"52,892"
Commercial,Large Group,Cigna,Cigna,NV,"3,868"
Commercial,Self Funded/Employer Sponsored,Cigna,Cigna,NV,"117,404"
Commercial,Large Group,Cigna,Cigna,NY,"185,867"
Commercial,Self Funded/Employer Sponsored,Cigna,Cigna,NY,"682,031"
Commercial,Large Group,Cigna,Cigna,OH,"9,794"
Commercial,Self Funded/Employer Sponsored,Cigna,Cigna,OH,"364,971"
Commercial,Self Funded/Employer Sponsored,Cigna,Cigna,OK,"98,316"
Commercial,Large Group,Cigna,Cigna,OR,"18,051"
Commercial,Self Funded/Employer Sponsored,Cigna,Cigna,OR,"80,879"
Commercial,Large Group,Cigna,Cigna,PA,"15,968"
Commercial,Self Funded/Employer Sponsored,Cigna,Cigna,PA,"352,514"
Commercial,Self Funded/Employer Sponsored,Cigna,Cigna,PR,711
Commercial,Large Group,Cigna,Cigna,RI,"2,026"
Commercial,Self Funded/Employer Sponsored,Cigna,Cigna,RI,"32,868"
Commercial,Large Group,Cigna,Cigna,SC,"5,433"
Commercial,Self Funded/Employer Sponsored,Cigna,Cigna,SC,"234,779"
Commercial,Self Funded/Employer Sponsored,Cigna,Cigna,SD,"11,670"
Commercial,Individual,Cigna,Cigna,TN,"68,326"
Commercial,Large Group,Cigna,Cigna,TN,"21,811"
Commercial,Self Funded/Employer Sponsored,Cigna,Cigna,TN,"704,349"
Commercial,Individual,Cigna,Cigna,TX,"65,190"
Commercial,Large Group,Cigna,Cigna,TX,"53,251"
Commercial,Self Funded/Employer Sponsored,Cigna,Cigna,TX,"1,173,913"
Commercial,Individual,Cigna,Cigna,UT,"3,396"
Commercial,Large Group,Cigna,Cigna,UT,"5,086"
Commercial,Self Funded/Employer Sponsored,Cigna,Cigna,UT,"196,101"
Commercial,Individual,Cigna,Cigna,VA,"47,220"
Commercial,Large Group,Cigna,Cigna,VA,"48,895"
Commercial,Self Funded/Employer Sponsored,Cigna,Cigna,VA,"560,023"
Commercial,Large Group,Cigna,Cigna,VT,"2,374"
Commercial,Self Funded/Employer Sponsored,Cigna,Cigna,VT,"69,236"
Commercial,Large Group,Cigna,Cigna,WA,"4,519"
Commercial,Self Funded/Employer Sponsored,Cigna,Cigna,WA,"262,927"
Commercial,Self Funded/Employer Sponsored,Cigna,Cigna,WI,"97,377"
Commercial,Self Funded/Employer Sponsored,Cigna,Cigna,WV,"68,549"
Commercial,Large Group,Cigna,Cigna,WY,102
Commercial,Self Funded/Employer Sponsored,Cigna,Cigna,WY,"91,576"
Commercial,Individual,Florida Blue,Capital Health Plan,FL,"8,944"
Commercial,Individual,Florida Blue,Florida Blue,FL,"1,422,123"
Commercial,Individual,Florida Blue,Florida Healthcare Plan,FL,"53,412"
Commercial,Large Group,Florida Blue,Capital Health Plan,FL,"86,675"
Commercial,Large Group,Florida Blue,Florida Blue,FL,"548,536"
Commercial,Large Group,Florida Blue,Florida Healthcare Plan,FL,"29,608"
Commercial,Self Funded/Employer Sponsored,Florida Blue,Florida Blue,FL,"959,979"
Commercial,Small Group,Florida Blue,Capital Health Plan,FL,"12,119"
Commercial,Small Group,Florida Blue,Florida Blue,FL,"129,023"
Commercial,Small Group,Florida Blue,Florida Healthcare Plan,FL,"3,840"
Commercial,Individual,Kaiser Permanente,Kaiser Permanente,CA,"811,033"
Commercial,Large Group,Kaiser Permanente,Kaiser Permanente,CA,"5,172,259"
Commercial,Self Funded/Employer Sponsored,Kaiser Permanente,Kaiser Permanente,CA,"110,932"
Commercial,Small Group,Kaiser Permanente,Kaiser Permanente,CA,"749,309"
Commercial,Individual,Kaiser Permanente,Kaiser Permanente,CO,"76,683"
Commercial,Large Group,Kaiser Permanente,Kaiser Permanente,CO,"233,181"
Commercial,Self Funded/Employer Sponsored,Kaiser Permanente,Kaiser Permanente,CO,"20,776"
Commercial,Small Group,Kaiser Permanente,Kaiser Permanente,CO,"44,063"
Commercial,Individual,Kaiser Permanente,Kaiser Permanente,DC,"2,452"
Commercial,Large Group,Kaiser Permanente,Kaiser Permanente,DC,"47,915"
Commercial,Small Group,Kaiser Permanente,Kaiser Permanente,DC,"20,012"
Commercial,Individual,Kaiser Permanente,Kaiser Permanente,GA,"71,167"
Commercial,Large Group,Kaiser Permanente,Kaiser Permanente,GA,"155,548"
Commercial,Self Funded/Employer Sponsored,Kaiser Permanente,Kaiser Permanente,GA,"15,313"
Commercial,Small Group,Kaiser Permanente,Kaiser Permanente,GA,"20,962"
Commercial,Individual,Kaiser Permanente,Kaiser Permanente,HI,"15,240"
Commercial,Large Group,Kaiser Permanente,Kaiser Permanente,HI,"135,899"
Commercial,Small Group,Kaiser Permanente,Kaiser Permanente,HI,"28,979"
Commercial,Individual,Kaiser Permanente,Kaiser Permanente,MD,"53,283"
Commercial,Large Group,Kaiser Permanente,Kaiser Permanente,MD,"93,305"
Commercial,Small Group,Kaiser Permanente,Kaiser Permanente,MD,"38,733"
Commercial,Individual,Kaiser Permanente,Kaiser Permanente,OR,"32,984"
Commercial,Large Group,Kaiser Permanente,Kaiser Permanente,OR,"256,234"
Commercial,Self Funded/Employer Sponsored,Kaiser Permanente,Kaiser Permanente,OR,"17,319"
Commercial,Small Group,Kaiser Permanente,Kaiser Permanente,OR,"23,504"
Commercial,Individual,Kaiser Permanente,Kaiser Permanente,VA,"36,434"
Commercial,Large Group,Kaiser Permanente,Kaiser Permanente,VA,"74,205"
Commercial,Small Group,Kaiser Permanente,Kaiser Permanente,VA,"30,901"
Commercial,Individual,Kaiser Permanente,Kaiser Permanente,WA,"45,423"
Commercial,Large Group,Kaiser Permanente,Kaiser Permanente,WA,"319,760"
Commercial,Self Funded/Employer Sponsored,Kaiser Permanente,Kaiser Permanente,WA,"221,164"
Commercial,Small Group,Kaiser Permanente,Kaiser Permanente,WA,"25,062"
Commercial,Individual,Oscar Health Insurance,Oscar Health Insurance,AZ,"11,690"
Commercial,Individual,Oscar Health Insurance,Oscar Health Insurance,CO,"2,862"
Commercial,Individual,Oscar Health Insurance,Oscar Health Insurance,FL,"1,072,468"
Commercial,Individual,Oscar Health Insurance,Oscar Health Insurance,GA,"451,507"
Commercial,Individual,Oscar Health Insurance,Oscar Health Insurance,IA,"32,954"
Commercial,Individual,Oscar Health Insurance,Oscar Health Insurance,IL,"13,520"
Commercial,Individual,Oscar Health Insurance,Oscar Health Insurance,KS,"15,306"
Commercial,Individual,Oscar Health Insurance,Oscar Health Insurance,MI,"3,371"
Commercial,Individual,Oscar Health Insurance,Oscar Health Insurance,MO,"30,476"
Commercial,Individual,Oscar Health Insurance,Oscar Health Insurance,NC,"6,612"
Commercial,Individual,Oscar Health Insurance,Oscar Health Insurance,NE,891
Commercial,Individual,Oscar Health Insurance,Oscar Health Insurance,NJ,"28,401"
Commercial,Small Group,Oscar Health Insurance,Oscar Health Insurance,NJ,138
Commercial,Individual,Oscar Health Insurance,Oscar Health Insurance,NY,"12,378"
Commercial,Small Group,Oscar Health Insurance,Oscar Health Insurance,NY,175
Commercial,Individual,Oscar Health Insurance,Oscar Health Insurance,OH,"101,891"
Commercial,Individual,Oscar Health Insurance,Oscar Health Insurance,OK,"14,946"
Commercial,Individual,Oscar Health Insurance,Oscar Health Insurance,PA,"2,653"
Commercial,Individual,Oscar Health Insurance,Oscar Health Insurance,TN,"37,213"
Commercial,Individual,Oscar Health Insurance,Oscar Health Insurance,TX,"173,318"
Commercial,Individual,Oscar Health Insurance,Oscar Health Insurance,VA,232
Commercial,Large Group,United Healthcare,United Healthcare,AK,"8,964"
Commercial,Self Funded/Employer Sponsored,United Healthcare,United Healthcare,AK,"6,661"
Commercial,Small Group,United Healthcare,United Healthcare,AK,"1,628"
Commercial,Self Funded/Employer Sponsored,United Healthcare,United Healthcare,AL,"65,204"
Commercial,Large Group,United Healthcare,United Healthcare,AR,"38,239"
Commercial,Self Funded/Employer Sponsored,United Healthcare,United Healthcare,AR,"152,417"
Commercial,Small Group,United Healthcare,United Healthcare,AR,"21,075"
Commercial,Individual,United Healthcare,United Healthcare,AZ,"2,515"
Commercial,Large Group,United Healthcare,United Healthcare,AZ,"739,422"
Commercial,Self Funded/Employer Sponsored,United Healthcare,United Healthcare,AZ,"968,839"
Commercial,Small Group,United Healthcare,United Healthcare,AZ,"317,036"
Commercial,Large Group,United Healthcare,United Healthcare,CA,"563,845"
Commercial,Self Funded/Employer Sponsored,United Healthcare,United Healthcare,CA,"628,980"
Commercial,Small Group,United Healthcare,United Healthcare,CA,"153,858"
Commercial,Individual,United Healthcare,Rocky Mountain Health Plans,CO,"62,848"
Commercial,Individual,United Healthcare,United Healthcare,CO,"2,555"
Commercial,Large Group,United Healthcare,United Healthcare,CO,"25,563"
Commercial,Self Funded/Employer Sponsored,United Healthcare,United Healthcare,CO,"541,236"
Commercial,Small Group,United Healthcare,United Healthcare,CO,"29,381"
Commercial,Large Group,United Healthcare,Oxford Health Plans,CT,"13,997"
Commercial,Large Group,United Healthcare,United Healthcare,CT,"183,192"
Commercial,Self Funded/Employer Sponsored,United Healthcare,United Healthcare,CT,"272,524"
Commercial,Small Group,United Healthcare,Oxford Health Plans,CT,"11,378"
Commercial,Small Group,United Healthcare,United Healthcare,CT,"4,480"
Commercial,Individual,United Healthcare,United Healthcare,DC,219
Commercial,Large Group,United Healthcare,United Healthcare,DC,"2,829"
Commercial,Self Funded/Employer Sponsored,United Healthcare,United Healthcare,DC,"698,225"
Commercial,Small Group,United Healthcare,United Healthcare,DC,460
Commercial,Large Group,United Healthcare,United Healthcare,DE,366
Commercial,Self Funded/Employer Sponsored,United Healthcare,United Healthcare,DE,"14,421"
Commercial,Individual,United Healthcare,United Healthcare,FL,"32,003"
Commercial,Large Group,United Healthcare,Neighborhood Health Partnership,FL,"51,544"
Commercial,Large Group,United Healthcare,United Healthcare,FL,"586,074"
Commercial,Self Funded/Employer Sponsored,United Healthcare,United Healthcare,FL,"629,473"
Commercial,Small Group,United Healthcare,Neighborhood Health Partnership,FL,"101,901"
Commercial,Small Group,United Healthcare,United Healthcare,FL,"374,719"
Commercial,Large Group,United Healthcare,United Healthcare,GA,"50,049"
Commercial,Self Funded/Employer Sponsored,United Healthcare,United Healthcare,GA,"599,862"
Commercial,Small Group,United Healthcare,United Healthcare,GA,"28,015"
Commercial,Large Group,United Healthcare,United Healthcare,IA,"14,864"
Commercial,Small Group,United Healthcare,United Healthcare,IA,"5,726"
Commercial,Large Group,United Healthcare,United Healthcare,ID,"3,277"
Commercial,Individual,United Healthcare,United Healthcare,IL,"120,252"
Commercial,Large Group,United Healthcare,United Healthcare,IL,"426,941"
Commercial,Self Funded/Employer Sponsored,United Healthcare,United Healthcare,IL,"2,153,279"
Commercial,Small Group,United Healthcare,United Healthcare,IL,"93,557"
Commercial,Large Group,United Healthcare,United Healthcare,IN,"370,594"
Commercial,Self Funded/Employer Sponsored,United Healthcare,United Healthcare,IN,"354,845"
Commercial,Small Group,United Healthcare,United Healthcare,IN,"176,040"
Commercial,Individual,United Healthcare,United Healthcare,KS,"22,345"
Commercial,Large Group,United Healthcare,United Healthcare,KS,"100,428"
Commercial,Self Funded/Employer Sponsored,United Healthcare,United Healthcare,KS,"131,635"
Commercial,Small Group,United Healthcare,United Healthcare,KS,"56,110"
Commercial,Individual,United Healthcare,United Healthcare,KY,"2,063"
Commercial,Large Group,United Healthcare,United Healthcare,KY,"54,142"
Commercial,Self Funded/Employer Sponsored,United Healthcare,United Healthcare,KY,"188,941"
Commercial,Small Group,United Healthcare,United Healthcare,KY,"15,864"
Commercial,Large Group,United Healthcare,United Healthcare,LA,"4,527"
Commercial,Self Funded/Employer Sponsored,United Healthcare,United Healthcare,LA,"313,645"
Commercial,Individual,United Healthcare,United Healthcare,MA,504
Commercial,Large Group,United Healthcare,United Healthcare,MA,"54,012"
Commercial,Self Funded/Employer Sponsored,United Healthcare,United Healthcare,MA,"229,704"
Commercial,Small Group,United Healthcare,United Healthcare,MA,"19,390"
Commercial,Individual,United Healthcare,United Healthcare,MD,"4,803"
Commercial,Large Group,United Healthcare,United Healthcare,MD,"52,135"
Commercial,Self Funded/Employer Sponsored,United Healthcare,United Healthcare,MD,"238,622"
Commercial,Small Group,United Healthcare,United Healthcare,MD,"42,551"
Commercial,Large Group,United Healthcare,United Healthcare,ME,877
Commercial,Self Funded/Employer Sponsored,United Healthcare,United Healthcare,ME,"2,099"
Commercial,Self Funded/Employer Sponsored,United Healthcare,United Healthcare,MI,"224,479"
Commercial,Self Funded/Employer Sponsored,United Healthcare,United Healthcare,MN,63
Commercial,Individual,United Healthcare,United Healthcare,MO,"13,645"
Commercial,Large Group,United Healthcare,United Healthcare,MO,"682,725"
Commercial,Self Funded/Employer Sponsored,United Healthcare,United Healthcare,MO,"903,500"
Commercial,Small Group,United Healthcare,United Healthcare,MO,"231,170"
Commercial,Individual,United Healthcare,United Healthcare,MS,"34,517"
Commercial,Large Group,United Healthcare,United Healthcare,MS,947
Commercial,Self Funded/Employer Sponsored,United Healthcare,United Healthcare,MS,"192,581"
Commercial,Small Group,United Healthcare,United Healthcare,MS,"3,276"
Commercial,Individual,United Healthcare,United Healthcare,NC,"5,849"
Commercial,Large Group,United Healthcare,United Healthcare,NC,"43,318"
Commercial,Self Funded/Employer Sponsored,United Healthcare,United Healthcare,NC,"557,447"
Commercial,Small Group,United Healthcare,United Healthcare,NC,"31,331"
Commercial,Individual,United Healthcare,United Healthcare,NE,"49,552"
Commercial,Self Funded/Employer Sponsored,United Healthcare,United Healthcare,NE,"163,782"
Commercial,Large Group,United Healthcare,United Healthcare,NH,"1,303"
Commercial,Large Group,United Healthcare,United Healthcare Freedom Plans,NH,"5,176"
Commercial,Small Group,United Healthcare,United Healthcare,NH,"2,479"
Commercial,Small Group,United Healthcare,United Healthcare Freedom Plans,NH,"1,440"
Commercial,Individual,United Healthcare,United Healthcare,NJ,"15,328"
Commercial,Large Group,United Healthcare,Oxford Health Plans,NJ,"68,899"
Commercial,Large Group,United Healthcare,United Healthcare,NJ,"149,731"
Commercial,Self Funded/Employer Sponsored,United Healthcare,United Healthcare,NJ,"627,517"
Commercial,Small Group,United Healthcare,Oxford Health Plans,NJ,"52,101"
Commercial,Large Group,United Healthcare,United Healthcare,NM,"41,708"
Commercial,Self Funded/Employer Sponsored,United Healthcare,United Healthcare,NM,"59,676"
Commercial,Small Group,United Healthcare,United Healthcare,NM,"27,008"
Commercial,Individual,United Healthcare,Health Plan of Nevada,NV,"48,149"
Commercial,Individual,United Healthcare,Sierra Health and Life,NV,"9,824"
Commercial,Individual,United Healthcare,United Healthcare,NV,60
Commercial,Large Group,United Healthcare,Health Plan of Nevada,NV,"142,263"
Commercial,Large Group,United Healthcare,Sierra Health and Life,NV,"27,538"
Commercial,Large Group,United Healthcare,United Healthcare,NV,"45,263"
Commercial,Self Funded/Employer Sponsored,United Healthcare,Health Plan of Nevada,NV,"1,538,202"
Commercial,Small Group,United Healthcare,Health Plan of Nevada,NV,"13,209"
Commercial,Small Group,United Healthcare,Sierra Health and Life,NV,"12,365"
Commercial,Small Group,United Healthcare,United Healthcare,NV,"36,838"
Commercial,Large Group,United Healthcare,Oxford Health Plans,NY,"173,270"
Commercial,Large Group,United Healthcare,United Healthcare,NY,"373,857"
Commercial,Self Funded/Employer Sponsored,United Healthcare,United Healthcare,NY,"2,309,082"
Commercial,Small Group,United Healthcare,Oxford Health Plans,NY,"354,867"
Commercial,Small Group,United Healthcare,United Healthcare,NY,"5,631"
Commercial,Large Group,United Healthcare,United Healthcare,OH,"6,859"
Commercial,Self Funded/Employer Sponsored,United Healthcare,United Healthcare,OH,"1,017,721"
Commercial,Small Group,United Healthcare,United Healthcare,OH,"18,645"
Commercial,Individual,United Healthcare,United Healthcare,OK,"1,119"
Commercial,Large Group,United Healthcare,United Healthcare,OK,"13,506"
Commercial,Self Funded/Employer Sponsored,United Healthcare,United Healthcare,OK,"377,814"
Commercial,Small Group,United Healthcare,United Healthcare,OK,"5,216"
Commercial,Large Group,United Healthcare,United Healthcare,OR,"31,122"
Commercial,Self Funded/Employer Sponsored,United Healthcare,United Healthcare,OR,"101,577"
Commercial,Small Group,United Healthcare,United Healthcare,OR,"7,789"
Commercial,Individual,United Healthcare,United Healthcare,PA,"32,611"
Commercial,Large Group,United Healthcare,United Healthcare,PA,"2,524"
Commercial,Self Funded/Employer Sponsored,United Healthcare,United Healthcare,PA,"503,046"
Commercial,Large Group,United Healthcare,United Healthcare,RI,712
Commercial,Self Funded/Employer Sponsored,United Healthcare,United Healthcare,RI,"131,528"
Commercial,Small Group,United Healthcare,United Healthcare,RI,166
Commercial,Large Group,United Healthcare,United Healthcare,SC,"19,183"
Commercial,Self Funded/Employer Sponsored,United Healthcare,United Healthcare,SC,"94,502"
Commercial,Small Group,United Healthcare,United Healthcare,SC,"12,362"
Commercial,Large Group,United Healthcare,United Healthcare,SD,669
Commercial,Individual,United Healthcare,United Healthcare,TN,"17,895"
Commercial,Large Group,United Healthcare,United Healthcare,TN,"80,656"
Commercial,Self Funded/Employer Sponsored,United Healthcare,United Healthcare,TN,"10,257"
Commercial,Small Group,United Healthcare,United Healthcare,TN,"63,435"
Commercial,Individual,United Healthcare,United Healthcare,TX,"2,665"
Commercial,Large Group,United Healthcare,United Healthcare,TX,"48,091"
Commercial,Self Funded/Employer Sponsored,United Healthcare,United Healthcare,TX,"2,963,830"
Commercial,Small Group,United Healthcare,United Healthcare,TX,"16,567"
Commercial,Large Group,United Healthcare,United Healthcare,UT,"4,996"
Commercial,Self Funded/Employer Sponsored,United Healthcare,United Healthcare,UT,"244,010"
Commercial,Small Group,United Healthcare,United Healthcare,UT,944
Commercial,Individual,United Healthcare,United Healthcare,VA,"15,852"
Commercial,Large Group,United Healthcare,United Healthcare,VA,"29,035"
Commercial,Self Funded/Employer Sponsored,United Healthcare,United Healthcare,VA,"508,384"
Commercial,Small Group,United Healthcare,United Healthcare,VA,"13,434"
Commercial,Individual,United Healthcare,United Healthcare,WA,"12,930"
Commercial,Large Group,United Healthcare,United Healthcare,WA,"66,799"
Commercial,Self Funded/Employer Sponsored,United Healthcare,United Healthcare,WA,"213,904"
Commercial,Small Group,United Healthcare,United Healthcare,WA,"42,696"
Commercial,Large Group,United Healthcare,United Healthcare,WI,"21,897"
Commercial,Self Funded/Employer Sponsored,United Healthcare,United Healthcare,WI,"633,334"
Commercial,Small Group,United Healthcare,United Healthcare,WI,"27,362"
Commercial,Self Funded/Employer Sponsored,United Healthcare,United Healthcare,WV,"2,440"
Commercial,Large Group,United Healthcare,United Healthcare,WY,"24,987"
Commercial,Self Funded/Employer Sponsored,United Healthcare,United Healthcare,WY,"20,467"
Commercial,Small Group,United Healthcare,United Healthcare,WY,"9,420"
Commercial,Individual,HCSC,BCBS Illinois,IL,"255,020"
Commercial,Large Group,HCSC,BCBS Illinois,IL,"1,158,694"
Commercial,Self Funded/Employer Sponsored,HCSC,BCBS Illinois,IL,"6,820,127"
Commercial,Small Group,HCSC,BCBS Illinois,IL,"431,241"
Commercial,Individual,HCSC,BCBS Texas,TX,"1,443,617"
Commercial,Large Group,HCSC,BCBS Texas,TX,"1,196,604"
Commercial,Self Funded/Employer Sponsored,HCSC,BCBS Texas,TX,"6,501,458"
Commercial,Small Group,HCSC,BCBS Texas,TX,"442,554"